unique_location,count(nik),koordinat
JAWA BARAT_INDRAMAYU_TERISI_CIBERENG,4426,"(-6.454839999999933, 108.16669000000007, 'Cibereng, Terisi, Jawa Barat')"
JAWA BARAT_INDRAMAYU_TERISI_CIKAWUNG,5116,"(-6.607059999999933, 107.98109000000005, 'Cikawung, Terisi, Jawa Barat')"
JAWA BARAT_INDRAMAYU_TERISI_JATIMULYA,6208,"(-6.501369999999952, 108.14761000000004, 'Jatimulya, Terisi, Jawa Barat')"
JAWA BARAT_INDRAMAYU_TERISI_JATIMUNGGUL,4321,"(-6.537889999999948, 108.11278000000004, 'Jatimunggul, Terisi, Jawa Barat')"
JAWA BARAT_INDRAMAYU_TERISI_KARANGASEM,4226,"(-6.471029999999928, 108.17059000000006, 'Karangasem, Terisi, Jawa Barat')"
JAWA BARAT_INDRAMAYU_TERISI_KENDAYAKAN,3679,"(-6.453489999999931, 108.13994000000008, 'Kendayakan, Terisi, Jawa Barat')"
JAWA BARAT_INDRAMAYU_TERISI_MANGGUNGAN,3824,"(-6.44163999999995, 108.12899000000004, 'Manggungan, Terisi, Jawa Barat')"
JAWA BARAT_INDRAMAYU_TERISI_PLOSOKEREP,4046,"(-6.47709999999995, 108.13853000000006, 'Plosokerep, Terisi, Jawa Barat')"
JAWA BARAT_INDRAMAYU_TERISI_RAJASINGA,5302,"(-6.480469999999968, 108.14704000000006, 'Rajasinga, Terisi, Jawa Barat')"
JAWA BARAT_BOGOR_CARINGIN_PASIR BUNCIR,5055,"(-6.74625999999995, 106.83541000000008, 'Pasir Buncir, Caringin, Bogor, Jawa Barat')"
JAWA BARAT_BEKASI_BEKASI UTARA_TELUK PUCUNG,41358,"(-6.207899999999938, 107.02867000000003, 'Teluk Pucung, Bekasi Utara, Bekasi, Jawa Barat')"
JAWA BARAT_BEKASI_JATIASIH_JATIASIH,20497,"(-6.301309999999944, 106.95715000000007, 'Jatiasih, Bekasi, Jawa Barat')"
JAWA BARAT_BEKASI_JATIASIH_JATIKRAMAT,23879,"(-6.278159999999957, 106.94645000000008, 'Jatikramat, Jatiasih, Bekasi, Jawa Barat')"
JAWA BARAT_BEKASI_JATIASIH_JATILUHUR,17697,"(-6.319749999999942, 106.94878000000006, 'Jatiluhur, Jatiasih, Bekasi, Jawa Barat')"
JAWA BARAT_BOGOR_TANAH SAREAL_MEKARWANGI,12693,"(-6.526249999999948, 106.77723000000009, 'Mekarwangi, Tanah Sereal, Bogor, Jawa Barat')"
JAWA BARAT_BOGOR_TANAH SAREAL_SUKADAMAI,10258,"(-6.550319999999942, 106.78755000000007, 'Sukadamai, Tanah Sereal, Bogor, Jawa Barat')"
JAWA BARAT_BOGOR_TANAH SAREAL_SUKARESMI,8759,"(-6.552929999999947, 106.79987000000006, 'Sukaresmi, Tanah Sereal, Bogor, Jawa Barat')"
JAWA BARAT_BOGOR_TANAH SAREAL_TANAH SAREAL,6471,"(-6.573279999999954, 106.79936000000004, 'Tanahsareal, Tanah Sereal, Bogor, Jawa Barat')"
JAWA BARAT_CIMAHI_CIMAHI SELATAN_CIBEBER,18090,"(-6.901049999999941, 107.51565000000005, 'Cibeber, Cimahi Selatan, Jawa Barat')"
JAWA BARAT_CIMAHI_CIMAHI SELATAN_CIBEUREUM,41593,"(-6.912119999999959, 107.56042000000008, 'Cibeureum, Cimahi Selatan, Jawa Barat')"
JAWA BARAT_CIAMIS_PANUMBANGAN_SINDANG BARANG,2911,"(-7.07015999999993, 108.19646000000006, 'Sindangbarang, Panumbangan, Jawa Barat')"
JAWA BARAT_CIAMIS_PURWADADI_KARANGPANINGGAL,4654,"(-7.44101999999998, 108.66727000000009, 'Karangpaningal, Purwadadi, Jawa Barat')"
JAWA BARAT_DEPOK_BOJONGSARI_BOJONGSARI,10359,"(-6.379359999999963, 106.73674000000005, 'Bojongsari, Jawa Barat')"
JAWA BARAT_DEPOK_BOJONGSARI_BOJONGSARI BARU,6480,"(-6.38770999999997, 106.74592000000007, 'Bojongsari Baru, Bojongsari, Jawa Barat')"
JAWA BARAT_DEPOK_BOJONGSARI_CURUG,13166,"(-6.394289999999955, 106.73283000000004, 'Curug, Bojongsari, Jawa Barat')"
JAWA BARAT_TASIKMALAYA_CIHIDEUNG_ARGASARI,7963,"(-7.325469999999939, 108.20826000000005, 'Argasari, Cihideung, Tasikmalaya, Jawa Barat')"
JAWA BARAT_TASIKMALAYA_CIHIDEUNG_CILEMBANG,10301,"(-7.328529999999944, 108.20863000000008, 'Cilembang, Cihideung, Tasikmalaya, Jawa Barat')"
JAWA BARAT_TASIKMALAYA_CIHIDEUNG_NAGARAWANGI,4873,"(-7.3340899999999465, 108.21979000000005, 'Nagarawangi, Cihideung, Tasikmalaya, Jawa Barat')"
JAWA BARAT_TASIKMALAYA_CIHIDEUNG_TUGUJAYA,7312,"(-7.345749999999953, 108.21409000000006, 'Tugujaya, Cihideung, Tasikmalaya, Jawa Barat')"
JAWA BARAT_TASIKMALAYA_CIHIDEUNG_TUGURAJA,14820,"(-7.3363599999999565, 108.21174000000008, 'Tuguraja, Cihideung, Tasikmalaya, Jawa Barat')"
JAWA BARAT_TASIKMALAYA_CIHIDEUNG_YUDANAGARA,3549,"(-7.327819999999974, 108.21846000000005, 'Yudanagara, Cihideung, Tasikmalaya, Jawa Barat')"
JAWA BARAT_TASIKMALAYA_CIPEDES_CIPEDES,10536,"(-7.313729999999964, 108.22325000000006, 'Cipedes, Tasikmalaya, Jawa Barat')"
JAWA BARAT_TASIKMALAYA_CIPEDES_NAGARASARI,13067,"(-7.311279999999954, 108.22432000000003, 'Nagarasari, Cipedes, Tasikmalaya, Jawa Barat')"
JAWA BARAT_TASIKMALAYA_CIPEDES_PANGLAYUNGAN,13975,"(-7.318829999999934, 108.20647000000008, 'Panglayungan, Cipedes, Tasikmalaya, Jawa Barat')"
JAWA BARAT_TASIKMALAYA_CIPEDES_SUKAMANAH,16601,"(-7.311659999999961, 108.23847000000006, 'Sukamanah, Cipedes, Tasikmalaya, Jawa Barat')"
JAWA BARAT_GARUT_KARANGPAWITAN_KARANGMULYA,5332,"(-7.2161499999999705, 107.93155000000007, 'Karangmulya, Karangpawitan, Jawa Barat')"
JAWA BARAT_GARUT_KARANGPAWITAN_LEBAKJAYA,8119,"(-7.2161499999999705, 107.93155000000007, 'Lebakjaya, Karangpawitan, Jawa Barat')"
JAWA BARAT_GARUT_KARANGPAWITAN_LENGKONGJAYA,4108,"(-7.203229999999962, 107.92661000000004, 'Lengkongjaya, Karangpawitan, Jawa Barat')"
JAWA BARAT_GARUT_KARANGPAWITAN_SUCI KALER,5569,"(-7.2109799999999495, 107.91796000000005, 'Sucikaler, Karangpawitan, Jawa Barat')"
JAWA BARAT_BANDUNG_CIMENYAN_PADASUKA,12040,"(-6.888459999999952, 107.65860000000004, 'Padasuka, Cimenyan, Bandung, Jawa Barat')"
JAWA BARAT_BEKASI_BEKASI BARAT_KRANJI,27458,"(-6.230569999999943, 106.97570000000007, 'Kranji, Bekasi Barat, Bekasi, Jawa Barat')"
JAWA BARAT_BEKASI_BEKASI SELATAN_JAKA MULYA,21242,"(-6.2675499999999715, 106.96118000000007, 'Jaka Mulya, Bekasi Selatan, Bekasi, Jawa Barat')"
JAWA BARAT_BOGOR_BOGOR SELATAN_BATU TULIS,7716,"(-6.620209999999929, 106.80741000000006, 'Batutulis, Bogor Selatan, Bogor, Jawa Barat')"
JAWA BARAT_BOGOR_BOGOR SELATAN_BOJONGKERTA,6488,"(-6.664609999999925, 106.83682000000005, 'Bojongkerta, Bogor Selatan, Bogor, Jawa Barat')"
JAWA BARAT_BOGOR_BOGOR SELATAN_BONDONGAN,9932,"(-6.612189999999941, 106.80307000000005, 'Bondongan, Bogor Selatan, Bogor, Jawa Barat')"
JAWA BARAT_BOGOR_BOGOR SELATAN_CIKARET,13058,"(-6.615849999999966, 106.78546000000006, 'Cikaret, Bogor Selatan, Bogor, Jawa Barat')"
JAWA BARAT_BOGOR_BOGOR SELATAN_CIPAKU,9658,"(-6.635279999999966, 106.81542000000007, 'Cipaku, Bogor Selatan, Bogor, Jawa Barat')"
JAWA BARAT_BOGOR_BOGOR SELATAN_EMPANG,12314,"(-6.612039999999979, 106.80085000000008, 'Empang, Bogor Selatan, Bogor, Jawa Barat')"
JAWA BARAT_BOGOR_BOGOR SELATAN_GENTENG,5783,"(-6.649399999999957, 106.81687000000005, 'Genteng, Bogor Selatan, Bogor, Jawa Barat')"
JAWA BARAT_BOGOR_BOGOR SELATAN_HARJASARI,8799,"(-6.6527399999999375, 106.83978000000008, 'Harjasari, Bogor Selatan, Bogor, Jawa Barat')"
JAWA BARAT_BOGOR_BOGOR SELATAN_LAWANGGINTUNG,4983,"(-6.624519999999961, 106.81410000000005, 'Lawanggintung, Bogor Selatan, Bogor, Jawa Barat')"
JAWA BARAT_BOGOR_BOGOR SELATAN_MUARASARI,6918,"(-6.643899999999974, 106.83185000000009, 'Muarasari, Bogor Selatan, Bogor, Jawa Barat')"
JAWA BARAT_BOGOR_BOGOR SELATAN_MULYAHARJA,13652,"(-6.649939999999958, 106.79197000000005, 'Mulyaharja, Bogor Selatan, Bogor, Jawa Barat')"
JAWA BARAT_BOGOR_BOGOR SELATAN_PAKUAN,3710,"(-6.633799999999951, 106.82352000000009, 'Pakuan, Bogor Selatan, Bogor, Jawa Barat')"
JAWA BARAT_BOGOR_BOGOR UTARA_CIBULUH,10448,"(-6.56189999999998, 106.81562000000008, 'Cibuluh, Bogor Utara, Bogor, Jawa Barat')"
JAWA BARAT_BOGOR_BOGOR UTARA_CILUAR,10424,"(-6.560639999999978, 106.82744000000008, 'Ciluar, Bogor Utara, Bogor, Jawa Barat')"
JAWA BARAT_BOGOR_BOGOR UTARA_CIMAHPAR,14450,"(-6.589749999999981, 106.82754000000006, 'Cimahpar, Bogor Utara, Bogor, Jawa Barat')"
JAWA BARAT_BOGOR_BOGOR UTARA_CIPARIGI,15711,"(-6.5458999999999605, 106.81629000000004, 'Ciparigi, Bogor Utara, Bogor, Jawa Barat')"
JAWA BARAT_BOGOR_BOGOR UTARA_KEDUNGHALANG,14592,"(-6.549719999999979, 106.80677000000009, 'Kedunghalang, Bogor Utara, Bogor, Jawa Barat')"
JAWA BARAT_BOGOR_BOGOR UTARA_TANAH BARU,16096,"(-6.578839999999957, 106.82261000000005, 'Tanahbaru, Bogor Utara, Bogor, Jawa Barat')"
JAWA BARAT_BOGOR_BOGOR UTARA_TEGALGUNDIL,18583,"(-6.581209999999942, 106.81380000000007, 'Tegalgundil, Bogor Utara, Bogor, Jawa Barat')"
JAWA BARAT_DEPOK_PANCORAN MAS_DEPOK,28710,"(-6.394659999999931, 106.82287000000008, 'Depok, Pancoran Mas, Jawa Barat')"
JAWA BARAT_DEPOK_PANCORAN MAS_DEPOK JAYA,17726,"(-6.391839999999945, 106.81458000000003, 'Depok Jaya, Pancoran Mas, Jawa Barat')"
JAWA BARAT_GARUT_PANGATIKAN_BABAKANLOA,3833,"(-7.161949999999933, 108.00253000000004, 'Babakanloa, Pangatikan, Jawa Barat')"
JAWA BARAT_GARUT_PANGATIKAN_CIMARAGAS,3838,"(-7.156919999999957, 107.99341000000004, 'Cimaragas, Pangatikan, Jawa Barat')"
JAWA BARAT_BOGOR_CIOMAS_PADASUKA,12130,"(-6.5945599999999445, 106.75994000000009, 'Padasuka, Ciomas, Bogor, Jawa Barat')"
JAWA BARAT_BOGOR_TANAH SAREAL_KEDUNGJAYA,8768,"(-6.564389999999946, 106.78706000000005, 'Kedungjaya, Tanah Sereal, Bogor, Jawa Barat')"
JAWA BARAT_BOGOR_TANAH SAREAL_KEDUNGWARINGIN,15121,"(-6.569279999999935, 106.78212000000008, 'Kedungwaringin, Tanah Sereal, Bogor, Jawa Barat')"
JAWA BARAT_BOGOR_TANAH SAREAL_KENCANA,11177,"(-6.5288099999999645, 106.78851000000009, 'Kencana, Tanah Sereal, Bogor, Jawa Barat')"
JAWA BARAT_DEPOK_PANCORAN MAS_RANGKAPAN JAYA,23124,"(-6.394869999999969, 106.78527000000008, 'Rangkapan Jaya, Pancoran Mas, Jawa Barat')"
JAWA BARAT_DEPOK_PANCORAN MAS_RANGKAPAN JAYA BARU,23383,"(-6.398219999999981, 106.77867000000003, 'Rangkapan Jaya Baru, Pancoran Mas, Jawa Barat')"
JAWA BARAT_DEPOK_SAWANGAN_BEDAHAN,16837,"(-6.420289999999966, 106.76687000000004, 'Bedahan, Sawangan, Jawa Barat')"
JAWA BARAT_DEPOK_SAWANGAN_CINANGKA,11404,"(-6.372769999999946, 106.75796000000008, 'Cinangka, Sawangan, Jawa Barat')"
JAWA BARAT_DEPOK_SAWANGAN_KEDAUNG,10247,"(-6.366459999999961, 106.74752000000007, 'Kedaung, Sawangan, Jawa Barat')"
JAWA BARAT_DEPOK_SAWANGAN_PASIR PUTIH,14495,"(-6.418949999999938, 106.78219000000007, 'Pasir Putih, Sawangan, Jawa Barat')"
JAWA BARAT_DEPOK_SAWANGAN_PENGASINAN,15293,"(-6.420749999999941, 106.75269000000009, 'Pengasinan, Sawangan, Jawa Barat')"
JAWA BARAT_GARUT_GARUT KOTA_KOTA WETAN,9917,"(-7.215089999999975, 107.91434000000004, 'Kotawetan, Garut Kota, Jawa Barat')"
JAWA BARAT_GARUT_GARUT KOTA_MARGAWATI,7570,"(-7.238499999999931, 107.91069000000005, 'Margawati, Garut Kota, Jawa Barat')"
JAWA BARAT_GARUT_GARUT KOTA_MUARA SANDING,7577,"(-7.2347599999999375, 107.89986000000005, 'Muara Sanding, Garut Kota, Jawa Barat')"
JAWA BARAT_GARUT_GARUT KOTA_PAKUWON,5079,"(-7.213649999999973, 107.90209000000004, 'Pakuwon, Garut Kota, Jawa Barat')"
JAWA BARAT_GARUT_GARUT KOTA_PAMINGGIR,5858,"(-7.216209999999933, 107.89934000000005, 'Paminggir, Garut Kota, Jawa Barat')"
JAWA BARAT_GARUT_GARUT KOTA_REGOL,7904,"(-7.217579999999941, 107.90917000000007, 'Regol, Garut Kota, Jawa Barat')"
JAWA BARAT_GARUT_GARUT KOTA_SUKAMENTRI,11821,"(-7.198199999999929, 107.91306000000009, 'Sukamantri, Garut Kota, Jawa Barat')"
JAWA BARAT_GARUT_GARUT KOTA_SUKANEGLA,5534,"(-7.254599999999925, 107.93314000000004, 'Sukanegla, Garut Kota, Jawa Barat')"
JAWA BARAT_INDRAMAYU_CANTIGI_LAMARAN TARUNG,5288,"(-6.279369999999972, 108.23587000000003, 'Lamarantarung, Cantigi, Jawa Barat')"
JAWA BARAT_CIREBON_PEKALIPAN_PEKALANGAN,4775,"(-6.717839999999967, 108.56111000000004, 'Pekalangan, Pekalipan, Cirebon, Jawa Barat')"
JAWA BARAT_CIREBON_PEKALIPAN_PEKALIPAN,5092,"(-6.722249999999974, 108.56398000000007, 'Pekalipan, Cirebon, Jawa Barat')"
JAWA BARAT_SUKABUMI_WARUDOYONG_BENTENG,8259,"(-6.922339999999963, 106.91569000000004, 'Benteng, Warudoyong, Sukabumi, Jawa Barat')"
JAWA BARAT_SUKABUMI_WARUDOYONG_DAYEUHLUHUR,10538,"(-6.939949999999953, 106.91636000000005, 'Dayeuhluhur, Warudoyong, Sukabumi, Jawa Barat')"
JAWA BARAT_SUKABUMI_WARUDOYONG_NYOMPLONG,5450,"(-6.927059999999926, 106.92355000000003, 'Nyomplong, Warudoyong, Sukabumi, Jawa Barat')"
JAWA BARAT_SUKABUMI_WARUDOYONG_SUKAKARYA,10504,"(-6.926789999999926, 106.90506000000005, 'Sukakarya, Warudoyong, Sukabumi, Jawa Barat')"
JAWA BARAT_SUKABUMI_WARUDOYONG_WARUDOYONG,4439,"(-6.928209999999979, 106.91578000000004, 'Warudoyong, Sukabumi, Jawa Barat')"
JAWA BARAT_TASIKMALAYA_BUNGURSARI_BANTARSARI,7231,"(-7.322649999999953, 108.18749000000008, 'Bantarsari, Bungursari, Tasikmalaya, Jawa Barat')"
JAWA BARAT_TASIKMALAYA_BUNGURSARI_BUNGURSARI,4404,"(-7.301519999999925, 108.17353000000008, 'Bungursari, Tasikmalaya, Jawa Barat')"
JAWA BARAT_TASIKMALAYA_BUNGURSARI_CIBUNIGEULIS,4855,"(-7.313419999999951, 108.17444000000006, 'Cibunigeulis, Bungursari, Tasikmalaya, Jawa Barat')"
JAWA BARAT_TASIKMALAYA_BUNGURSARI_SUKAJAYA,3994,"(-7.313759999999945, 108.18630000000007, 'Sukajaya, Bungursari, Tasikmalaya, Jawa Barat')"
JAWA BARAT_TASIKMALAYA_BUNGURSARI_SUKALAKSANA,5256,"(-7.299969999999973, 108.17451000000005, 'Sukalaksana, Bungursari, Tasikmalaya, Jawa Barat')"
JAWA BARAT_TASIKMALAYA_BUNGURSARI_SUKAMULYA,4700,"(-7.314239999999927, 108.19934000000006, 'Sukamulya, Bungursari, Tasikmalaya, Jawa Barat')"
JAWA BARAT_TASIKMALAYA_BUNGURSARI_SUKARINDIK,6637,"(-7.302659999999946, 108.19357000000008, 'Sukarindik, Bungursari, Tasikmalaya, Jawa Barat')"
JAWA BARAT_TASIKMALAYA_CIBEUREUM_AWIPARI,3939,"(-7.3546799999999735, 108.27221000000009, 'Awipari, Cibeureum, Tasikmalaya, Jawa Barat')"
JAWA BARAT_TASIKMALAYA_CIBEUREUM_CIAKAR,4643,"(-7.363199999999949, 108.27085000000005, 'Ciakar, Cibeureum, Tasikmalaya, Jawa Barat')"
JAWA BARAT_TASIKMALAYA_CIBEUREUM_CIHERANG,5845,"(-7.357059999999933, 108.27207000000004, 'Ciherang, Cibeureum, Tasikmalaya, Jawa Barat')"
JAWA BARAT_TASIKMALAYA_CIBEUREUM_KERSANAGARA,6121,"(-7.366309999999942, 108.24337000000008, 'Kersanagara, Cibeureum, Tasikmalaya, Jawa Barat')"
JAWA BARAT_TASIKMALAYA_CIBEUREUM_KOTA BARU,9656,"(-7.357149999999933, 108.25870000000003, 'Kotabaru, Cibeureum, Tasikmalaya, Jawa Barat')"
JAWA BARAT_TASIKMALAYA_CIBEUREUM_MARGABAKTI,2742,"(-7.35391999999996, 108.28118000000006, 'Margabakti, Cibeureum, Tasikmalaya, Jawa Barat')"
JAWA BARAT_TASIKMALAYA_CIBEUREUM_SETIAJAYA,4729,"(-7.3499199999999405, 108.23600000000005, 'Setiajaya, Cibeureum, Tasikmalaya, Jawa Barat')"
JAWA BARAT_TASIKMALAYA_CIBEUREUM_SETIANAGARA,3724,"(-7.343959999999981, 108.25828000000007, 'Setianagara, Cibeureum, Tasikmalaya, Jawa Barat')"
JAWA BARAT_INDRAMAYU_WIDASARI_UJUNGPONDOKJAYA,1620,"(-6.447819999999979, 108.28705000000008, 'Ujungpendokjaya, Widasari, Jawa Barat')"
JAWA BARAT_KARAWANG_BANYUSARI_KUTARAHARJA,2661,"(-6.299819999999954, 107.49442000000005, 'Kutaraharja, Banyusari, Jawa Barat')"
JAWA BARAT_PURWAKARTA_PURWAKARTA_CIPAISAN,8204,"(-6.550359999999955, 107.43810000000008, 'Cipaisan, Purwakarta, Jawa Barat')"
JAWA BARAT_PURWAKARTA_PURWAKARTA_CISEUREUH,22819,"(-6.519999999999925, 107.46198000000004, 'Ciseureuh, Purwakarta, Jawa Barat')"
JAWA BARAT_SUBANG_SUBANG_CIGADUNG,14933,"(-6.563229999999976, 107.75326000000007, 'Cigadung, Subang, Jawa Barat')"
JAWA BARAT_SUBANG_SUBANG_DANGDEUR,10788,"(-6.5458999999999605, 107.73544000000004, 'Dangdeur, Subang, Jawa Barat')"
JAWA BARAT_SUBANG_SUBANG_KARANGANYAR,16588,"(-6.568779999999947, 107.75967000000009, 'Karanganyar, Subang, Jawa Barat')"
JAWA BARAT_BANDUNG BARAT_CIPATAT_SUMUR BANDUNG,5180,"(-6.789169999999956, 107.42314000000005, 'Sumurbandung, Cipatat, Jawa Barat')"
JAWA BARAT_BOGOR_BOGOR SELATAN_KERTAMAYA,4200,"(-6.650489999999934, 106.82829000000004, 'Kertamaya, Bogor Selatan, Bogor, Jawa Barat')"
JAWA BARAT_PURWAKARTA_PURWAKARTA_MUNJULJAYA,12707,"(-6.532079999999951, 107.48242000000005, 'Munjuljaya, Purwakarta, Jawa Barat')"
JAWA BARAT_GARUT_CISURUPAN_KARAMATWANGI,4842,"(-7.310149999999965, 107.79257000000007, 'Karamatwangi, Cisurupan, Jawa Barat')"
JAWA BARAT_BOGOR_CITEUREUP_KARANG ASEM BARAT,14333,"(-6.491329999999948, 106.86991000000006, 'Karang Asem Barat, Citeureup, Bogor, Jawa Barat')"
JAWA BARAT_CIREBON_KEJAKSAN_KESENDEN,9559,"(-6.698959999999943, 108.55918000000008, 'Kesenden, Kejaksan, Cirebon, Jawa Barat')"
JAWA BARAT_SUKABUMI_CIKOLE_GUNUNG PARANG,3064,"(-6.923069999999939, 106.93083000000007, 'Gunung Parang, Cikole, Sukabumi, Jawa Barat')"
JAWA BARAT_SUKABUMI_CIKOLE_KEBONJATI,5309,"(-6.922959999999932, 106.93409000000008, 'Kebonjati, Cikole, Sukabumi, Jawa Barat')"
JAWA BARAT_SUKABUMI_CIKOLE_SELABATU,6610,"(-6.909259999999961, 106.93444000000005, 'Selabatu, Cikole, Sukabumi, Jawa Barat')"
JAWA BARAT_SUKABUMI_CIKOLE_SUBANGJAYA,10951,"(-6.918429999999944, 106.94860000000006, 'Subangjaya, Cikole, Sukabumi, Jawa Barat')"
JAWA BARAT_SUKABUMI_CITAMIANG_CIKONDANG,5836,"(-6.944439999999929, 106.92451000000005, 'Cikondang, Citamiang, Sukabumi, Jawa Barat')"
JAWA BARAT_SUKABUMI_CITAMIANG_CITAMIANG,5936,"(-6.93680999999998, 106.93157000000008, 'Citamiang, Sukabumi, Jawa Barat')"
JAWA BARAT_SUKABUMI_CITAMIANG_GEDONGPANJANG,5648,"(-6.943519999999978, 106.93375000000009, 'Gedong Panjang, Citamiang, Sukabumi, Jawa Barat')"
JAWA BARAT_SUKABUMI_CITAMIANG_NANGGELENG,10419,"(-6.932339999999954, 106.93451000000005, 'Nanggeleng, Citamiang, Sukabumi, Jawa Barat')"
JAWA BARAT_SUKABUMI_CITAMIANG_TIPAR,6241,"(-6.926949999999977, 106.92844000000008, 'Tipar, Citamiang, Sukabumi, Jawa Barat')"
JAWA BARAT_SUKABUMI_GUNUNG PUYUH_GUNUNG PUYUH,5609,"(-6.917239999999936, 106.91911000000005, 'Gunung Puyuh, Sukabumi, Jawa Barat')"
JAWA BARAT_SUKABUMI_GUNUNG PUYUH_KARAMAT,6372,"(-6.905569999999955, 106.92243000000008, 'Karamat, Gunung Puyuh, Sukabumi, Jawa Barat')"
JAWA BARAT_SUKABUMI_GUNUNG PUYUH_KARANGTENGAH,11769,"(-6.909889999999962, 106.91345000000007, 'Karang Tengah, Gunung Puyuh, Sukabumi, Jawa Barat')"
JAWA BARAT_SUKABUMI_GUNUNG PUYUH_SRIWIDARI,7046,"(-6.915119999999945, 106.92325000000005, 'Sriwidari, Gunung Puyuh, Sukabumi, Jawa Barat')"
JAWA BARAT_SUKABUMI_LEMBURSITU_CIKUNDUL,5076,"(-6.971089999999947, 106.91398000000004, 'Cikundul, Lembursitu, Sukabumi, Jawa Barat')"
JAWA BARAT_SUKABUMI_LEMBURSITU_CIPANENGAH,5414,"(-6.9547699999999395, 106.91062000000005, 'Cipanengah, Lembursitu, Sukabumi, Jawa Barat')"
JAWA BARAT_SUKABUMI_LEMBURSITU_LEMBURSITU,7905,"(-6.971549999999979, 106.90430000000003, 'Lembursitu, Sukabumi, Jawa Barat')"
JAWA BARAT_SUKABUMI_LEMBURSITU_SINDANGSARI,3911,"(-6.9527799999999615, 106.91510000000005, 'Sindangsari, Lembursitu, Sukabumi, Jawa Barat')"
JAWA BARAT_SUKABUMI_LEMBURSITU_SITUMEKAR,4112,"(-6.969789999999932, 106.89757000000009, 'Situmekar, Lembursitu, Sukabumi, Jawa Barat')"
JAWA BARAT_CIANJUR_CIANJUR_BABAKANKARET,6347,"(-6.7971299999999815, 107.13374000000005, 'Babakankaret, Cianjur, Jawa Barat')"
JAWA BARAT_CIANJUR_CIANJUR_BOJONGHERANG,11199,"(-6.810489999999959, 107.13758000000007, 'Bojongherang, Cianjur, Jawa Barat')"
JAWA BARAT_CIANJUR_CIANJUR_MUKA,12567,"(-6.810559999999953, 107.14673000000005, 'Muka, Cianjur, Jawa Barat')"
JAWA BARAT_CIANJUR_CIANJUR_PAMOYANAN,9858,"(-6.820119999999974, 107.13394000000005, 'Pamoyanan, Cianjur, Jawa Barat')"
JAWA BARAT_CIANJUR_CIANJUR_SAWAHGEDE,9469,"(-6.827849999999955, 107.13069000000007, 'Sawah Gede, Cianjur, Jawa Barat')"
JAWA BARAT_BANDUNG_MARGAHAYU_SULAIMAN,1928,"(-6.979599999999948, 107.56403000000006, 'Sulaeman, Margahayu, Bandung, Jawa Barat')"
JAWA BARAT_KARAWANG_KOTA BARU_CIKAMPEK UTARA,12719,"(-6.401399999999967, 107.46245000000005, 'Cikampek Utara, Kotabaru, Jawa Barat')"
JAWA BARAT_BANDUNG_BANDUNG WETAN_CITARUM,1413,"(-6.90468999999996, 107.61696000000006, 'Citarum, Bandung Wetan, Bandung, Jawa Barat')"
JAWA BARAT_BANDUNG_BANDUNG WETAN_TAMANSARI,15221,"(-6.899949999999933, 107.60938000000004, 'Taman Sari, Bandung Wetan, Bandung, Jawa Barat')"
JAWA BARAT_BANDUNG_BATUNUNGGAL_BINONG,12386,"(-6.931269999999927, 107.64089000000007, 'Binong, Batununggal, Bandung, Jawa Barat')"
JAWA BARAT_BANDUNG_BATUNUNGGAL_CIBANGKONG,12274,"(-6.924889999999948, 107.63257000000004, 'Cibangkong, Batununggal, Bandung, Jawa Barat')"
JAWA BARAT_BANDUNG_BATUNUNGGAL_GUMURUH,12700,"(-6.9380899999999315, 107.63706000000008, 'Gumuruh, Batununggal, Bandung, Jawa Barat')"
JAWA BARAT_BANDUNG_BATUNUNGGAL_KACAPIRING,6534,"(-6.917449999999974, 107.63371000000006, 'Kacapiring, Batununggal, Bandung, Jawa Barat')"
JAWA BARAT_BANDUNG_BATUNUNGGAL_KEBONGEDANG,6531,"(-6.926769999999976, 107.64301000000006, 'Kebon Gedang, Batununggal, Bandung, Jawa Barat')"
JAWA BARAT_BANDUNG_BATUNUNGGAL_KEBONWARU,11825,"(-6.9165199999999345, 107.64060000000006, 'Kebon Waru, Batununggal, Bandung, Jawa Barat')"
JAWA BARAT_BANDUNG_BATUNUNGGAL_MALEER,11489,"(-6.9265799999999444, 107.64085000000006, 'Maleer, Batununggal, Bandung, Jawa Barat')"
JAWA BARAT_BANDUNG_BATUNUNGGAL_SAMOJA,9106,"(-6.921459999999968, 107.62599000000006, 'Samoja, Batununggal, Bandung, Jawa Barat')"
JAWA BARAT_BANDUNG_BOJONGLOA KALER_BABAKAN ASIH,11064,"(-6.9321599999999535, 107.59431000000006, 'Babakan Asih, Bojongloa Kaler, Bandung, Jawa Barat')"
JAWA BARAT_DEPOK_CIMANGGIS_MEKARSARI,31681,"(-6.365539999999953, 106.86558000000008, 'Mekarsari, Cimanggis, Jawa Barat')"
JAWA BARAT_DEPOK_CIMANGGIS_PASIR GUNUNG SELATAN,16521,"(-6.347629999999981, 106.84611000000007, 'Pasir Gunung Selatan, Cimanggis, Jawa Barat')"
JAWA BARAT_DEPOK_CIMANGGIS_TUGU,53296,"(-6.3624399999999355, 106.84910000000008, 'Tugu, Cimanggis, Jawa Barat')"
JAWA BARAT_TASIKMALAYA_MANGKUBUMI_MANGKUBUMI,10336,"(-7.3455999999999335, 108.19064000000009, 'Mangkubumi, Tasikmalaya, Jawa Barat')"
JAWA BARAT_TASIKMALAYA_MANGKUBUMI_SAMBONGJAYA,9674,"(-7.357569999999953, 108.21026000000006, 'Sambongjaya, Mangkubumi, Tasikmalaya, Jawa Barat')"
JAWA BARAT_TASIKMALAYA_MANGKUBUMI_SAMBONGPARI,6024,"(-7.351929999999925, 108.20114000000007, 'Sambongpari, Mangkubumi, Tasikmalaya, Jawa Barat')"
JAWA BARAT_TASIKMALAYA_PURBARATU_PURBARATU,4330,"(-7.335899999999981, 108.26687000000004, 'Purbaratu, Tasikmalaya, Jawa Barat')"
JAWA BARAT_TASIKMALAYA_PURBARATU_SINGKUP,5266,"(-7.335119999999961, 108.27304000000004, 'Singkup, Purbaratu, Tasikmalaya, Jawa Barat')"
JAWA BARAT_TASIKMALAYA_PURBARATU_SUKAASIH,4206,"(-7.323189999999954, 108.24564000000004, 'Sukaasih, Purbaratu, Tasikmalaya, Jawa Barat')"
JAWA BARAT_TASIKMALAYA_PURBARATU_SUKAJAYA,4607,"(-7.3273099999999545, 108.26797000000005, 'Sukajaya, Purbaratu, Tasikmalaya, Jawa Barat')"
JAWA BARAT_TASIKMALAYA_PURBARATU_SUKAMENAK,5660,"(-7.3270899999999415, 108.25494000000003, 'Sukamenak, Purbaratu, Tasikmalaya, Jawa Barat')"
JAWA BARAT_TASIKMALAYA_PURBARATU_SUKANAGARA,5795,"(-7.3402999999999565, 108.24677000000008, 'Sukanagara, Purbaratu, Tasikmalaya, Jawa Barat')"
JAWA BARAT_TASIKMALAYA_TAMANSARI_MUGARSARI,3861,"(-7.3779799999999796, 108.26051000000007, 'Mugarsari, Taman Sari, Tasikmalaya, Jawa Barat')"
JAWA BARAT_TASIKMALAYA_TAMANSARI_MULYASARI,9782,"(-7.372679999999946, 108.22570000000007, 'Mulyasari, Taman Sari, Tasikmalaya, Jawa Barat')"
JAWA BARAT_BANDUNG_PACET_CINANGGELA,3056,"(-7.125009999999975, 107.68216000000007, 'Cinanggela, Pacet, Bandung, Jawa Barat')"
JAWA BARAT_CIANJUR_SUKALUYU_SINDANGRAJA,5737,"(-6.776749999999936, 107.24677000000008, 'Sindangraja, Sukaluyu, Jawa Barat')"
JAWA BARAT_BANDUNG_LENGKONG_TURANGGA,10458,"(-6.934959999999933, 107.62470000000008, 'Turangga, Lengkong, Bandung, Jawa Barat')"
JAWA BARAT_BANDUNG_MANDALAJATI_JATIHANDAP,17142,"(-6.895039999999938, 107.66507000000007, 'Jatihandap, Mandalajati, Bandung, Jawa Barat')"
JAWA BARAT_BANDUNG_MANDALAJATI_KARANG PAMULANG,12107,"(-6.899579999999958, 107.67640000000006, 'Karang Pamulang, Mandalajati, Bandung, Jawa Barat')"
JAWA BARAT_BEKASI_JATISAMPURNA_JATIRANGGON,14985,"(-6.337989999999934, 106.92317000000008, 'Jatiranggon, Jatisampurna, Bekasi, Jawa Barat')"
JAWA BARAT_BEKASI_JATISAMPURNA_JATISAMPURNA,17226,"(-6.362299999999948, 106.93006000000008, 'Jatisampurna, Bekasi, Jawa Barat')"
JAWA BARAT_BEKASI_MEDAN SATRIA_HARAPAN MULYA,12587,"(-6.2258299999999736, 106.98463000000004, 'Harapan Mulya, Medan Satria, Bekasi, Jawa Barat')"
JAWA BARAT_BEKASI_MEDAN SATRIA_KALI BARU,15969,"(-6.219419999999957, 106.98130000000003, 'Kali Baru, Medan Satria, Bekasi, Jawa Barat')"
JAWA BARAT_BEKASI_MEDAN SATRIA_MEDAN SATRIA,14772,"(-6.1957199999999375, 106.97398000000004, 'Medan Satria, Bekasi, Jawa Barat')"
JAWA BARAT_BEKASI_MEDAN SATRIA_PEJUANG,48359,"(-6.183239999999955, 106.98559000000006, 'Pejuang, Medan Satria, Bekasi, Jawa Barat')"
JAWA BARAT_DEPOK_SAWANGAN_SAWANGAN,11701,"(-6.404719999999941, 106.76456000000007, 'Sawangan, Jawa Barat')"
JAWA BARAT_DEPOK_SAWANGAN_SAWANGAN BARU,10427,"(-6.4027999999999565, 106.77087000000006, 'Sawangan Baru, Sawangan, Jawa Barat')"
JAWA BARAT_DEPOK_SUKMAJAYA_ABADI JAYA,40351,"(-6.389689999999973, 106.85203000000007, 'Abadi Jaya')"
JAWA BARAT_BOGOR_MEGAMENDUNG_CIPAYUNG,10511,"(-6.650769999999966, 106.89832000000007, 'PLN Cipayung')"
JAWA BARAT_MAJALENGKA_MAJALENGKA_SINDANGKASIH,4400,"(-6.850289999999973, 108.24695000000008, 'Sindangkasih, Majalengka, Jawa Barat')"
JAWA BARAT_MAJALENGKA_MAJALENGKA_TARIKOLOT,1803,"(-6.8244099999999435, 108.22421000000008, 'Tarikolot, Majalengka, Jawa Barat')"
JAWA BARAT_MAJALENGKA_MAJALENGKA_TONJONG,2827,"(-6.833409999999958, 108.24196000000006, 'Tonjong, Majalengka, Jawa Barat')"
JAWA BARAT_MAJALENGKA_MALAUSMA_KERAMAT JAYA,1188,"(-7.041259999999966, 108.24921000000006, 'Malausma, Jawa Barat')"
JAWA BARAT_CIREBON_KEJAKSAN_SUKAPURA,10635,"(-6.705529999999953, 108.54966000000007, 'Sukapura, Kejaksan, Cirebon, Jawa Barat')"
JAWA BARAT_CIREBON_KESAMBI_DRAJAT,11471,"(-6.7344099999999685, 108.55786000000006, 'Drajat, Kesambi, Cirebon, Jawa Barat')"
JAWA BARAT_CIREBON_KESAMBI_KARYAMULYA,17835,"(-6.740719999999953, 108.53096000000005, 'Karyamulya, Kesambi, Cirebon, Jawa Barat')"
JAWA BARAT_CIREBON_KESAMBI_KESAMBI,6513,"(-6.736769999999979, 108.54210000000006, 'Kesambi, Cirebon, Jawa Barat')"
JAWA BARAT_CIREBON_KESAMBI_PEKIRINGAN,8850,"(-6.7198099999999386, 108.55243000000007, 'Pekiringan, Kesambi, Cirebon, Jawa Barat')"
JAWA BARAT_CIREBON_KESAMBI_SUNYARAGI,8843,"(-6.7329899999999725, 108.54077000000007, 'Sunyaragi, Kesambi, Cirebon, Jawa Barat')"
JAWA BARAT_CIREBON_LEMAH WUNGKUK_KESEPUHAN,11914,"(-6.726299999999981, 108.57442000000009, 'Kesepuhan, Lemahwungkuk, Cirebon, Jawa Barat')"
JAWA BARAT_CIREBON_LEMAH WUNGKUK_LEMAHWUNGKUK,6380,"(-6.721549999999979, 108.57233000000008, 'Lemahwungkuk, Cirebon, Jawa Barat')"
JAWA BARAT_CIREBON_LEMAH WUNGKUK_PANJUNAN,7604,"(-6.712979999999959, 108.56854000000004, 'Panjunan, Lemahwungkuk, Cirebon, Jawa Barat')"
JAWA BARAT_CIREBON_LEMAH WUNGKUK_PEGAMBIRAN,15687,"(-6.734469999999931, 108.57947000000007, 'Pegambiran, Lemahwungkuk, Cirebon, Jawa Barat')"
JAWA BARAT_CIREBON_PEKALIPAN_JAGASATRU,7320,"(-6.729559999999935, 108.56572000000006, 'Jagasatru, Pekalipan, Cirebon, Jawa Barat')"
JAWA BARAT_BANDUNG_BALEENDAH_BALEENDAH,40675,"(-7.010889999999961, 107.63292000000007, 'Baleendah, Bandung, Jawa Barat')"
JAWA BARAT_BANDUNG_BALEENDAH_JELEKONG,15870,"(-7.022429999999929, 107.65904000000006, 'Jelekong, Baleendah, Bandung, Jawa Barat')"
JAWA BARAT_BANDUNG_BALEENDAH_MANGGAHANG,25041,"(-7.015079999999955, 107.64552000000003, 'Manggahang, Baleendah, Bandung, Jawa Barat')"
JAWA BARAT_BANDUNG_BALEENDAH_WARGAMEKAR,16514,"(-7.021409999999946, 107.67504000000008, 'Wargamekar, Baleendah, Bandung, Jawa Barat')"
JAWA BARAT_INDRAMAYU_JATIBARANG_LOBENER LOR,3735,"(-6.39409999999998, 108.30324000000007, 'Lobener Lor, Jatibarang, Jawa Barat')"
JAWA BARAT_KARAWANG_KARAWANG BARAT_ADIARSA BARAT,12835,"(-6.315809999999942, 107.30535000000003, 'Adiarsa Barat, Karawang Barat, Jawa Barat')"
JAWA BARAT_KARAWANG_KARAWANG BARAT_KARANGPAWITAN,18154,"(-6.276499999999942, 107.31197000000009, 'Karangpawitan, Karawang Barat, Jawa Barat')"
JAWA BARAT_SUKABUMI_CIKOLE_CISARUA,12552,"(-6.92280999999997, 106.94013000000007, 'Cisarua, Cikole, Sukabumi, Jawa Barat')"
JAWA BARAT_DEPOK_CIMANGGIS_HARJAMUKTI,14611,"(-6.375609999999938, 106.90294000000006, 'Harjamukti, Cimanggis, Jawa Barat')"
JAWA BARAT_BEKASI_PONDOK GEDE_JATIWARINGIN,35555,"(-6.274119999999925, 106.91889000000003, 'Jatiwaringin, Pondok Gede, Bekasi, Jawa Barat')"
JAWA BARAT_INDRAMAYU_JATIBARANG_LOBENER,3096,"(-6.39874999999995, 108.30188000000004, 'Lobener, Jatibarang, Jawa Barat')"
JAWA BARAT_INDRAMAYU_JUNTINYUAT_JUNTI KEBON,5505,"(-6.439409999999953, 108.43711000000008, 'Juntikebon, Juntinyuat, Jawa Barat')"
JAWA BARAT_BOGOR_CITEUREUP_PUSPANEGARA,11555,"(-6.479139999999973, 106.88113000000004, 'Puspanegara, Citeureup, Bogor, Jawa Barat')"
JAWA BARAT_CIAMIS_CIAMIS_BENTENG,3408,"(-7.343569999999943, 108.34791000000007, 'Benteng, Ciamis, Jawa Barat')"
JAWA BARAT_CIAMIS_CIAMIS_CIAMIS,12989,"(-7.325699999999927, 108.35340000000008, 'Ciamis, Jawa Barat')"
JAWA BARAT_CIAMIS_CIAMIS_CIGEMBOR,3462,"(-7.346149999999966, 108.36785000000003, 'Cigembor, Ciamis, Jawa Barat')"
JAWA BARAT_BANDUNG_IBUN_TANGGULUN,2746,"(-7.054409999999962, 107.76280000000008, 'Tanggulun, Ibun, Bandung, Jawa Barat')"
JAWA BARAT_BANDUNG_CICENDO_HUSEN SASTRANEGARA,10823,"(-6.9037799999999265, 107.57854000000003, 'Husen Sastranegara, Cicendo, Bandung, Jawa Barat')"
JAWA BARAT_BANDUNG_CICENDO_PAJAJARAN,16723,"(-6.894609999999943, 107.58539000000007, 'Pajajaran, Cicendo, Bandung, Jawa Barat')"
JAWA BARAT_BANDUNG_CICENDO_PAMOYANAN,5964,"(-6.904139999999927, 107.59504000000004, 'Pamoyanan, Cicendo, Bandung, Jawa Barat')"
JAWA BARAT_BANDUNG_CICENDO_SUKARAJA,15302,"(-6.891089999999963, 107.56320000000005, 'Sukaraja, Cicendo, Bandung, Jawa Barat')"
JAWA BARAT_BANDUNG_CIDADAP_CIUMBULEUIT,15683,"(-6.867309999999975, 107.60777000000007, 'Ciumbuleuit, Cidadap, Bandung, Jawa Barat')"
JAWA BARAT_BANDUNG_CIDADAP_HEGARMANAH,14782,"(-6.873899999999935, 107.60060000000004, 'Hegarmanah, Cidadap, Bandung, Jawa Barat')"
JAWA BARAT_BOGOR_PARUNG PANJANG_GINTUNG CILEJET,5318,"(-6.356249999999932, 106.53003000000007, 'Gintung Cilejet, Parung Panjang, Bogor, Jawa Barat')"
JAWA BARAT_BOGOR_PARUNG PANJANG_PARUNG PANJANG,11219,"(-6.341799999999978, 106.57051000000007, 'Parung Panjang, Bogor, Jawa Barat')"
JAWA BARAT_INDRAMAYU_KANDANGHAUR_PAREAN GIRANG,6372,"(-6.35663999999997, 108.10771000000005, 'Parean Girang, Kandanghaur, Jawa Barat')"
JAWA BARAT_KARAWANG_KARAWANG BARAT_TANJUNGPURA,14515,"(-6.285279999999943, 107.28922000000006, 'Tanjungpura, Karawang Barat, Jawa Barat')"
JAWA BARAT_KARAWANG_KARAWANG BARAT_TUNGGAKJATI,12224,"(-6.237199999999973, 107.28021000000007, 'Tunggakjati, Karawang Barat, Jawa Barat')"
JAWA BARAT_KARAWANG_KARAWANG TIMUR_ADIARSA TIMUR,9923,"(-6.3194599999999355, 107.32068000000004, 'Adiarsa Timur, Karawang Timur, Jawa Barat')"
JAWA BARAT_KARAWANG_KARAWANG TIMUR_PALUMBONSARI,16683,"(-6.29246999999998, 107.32886000000008, 'Palumbonsari, Karawang Timur, Jawa Barat')"
JAWA BARAT_BOGOR_CIBINONG_NANGGEWER,16259,"(-6.511629999999968, 106.84189000000003, 'Nanggewer, Cibinong, Bogor, Jawa Barat')"
JAWA BARAT_BOGOR_CIBINONG_NANGGEWER MEKAR,9523,"(-6.505349999999964, 106.84295000000009, 'Nanggewer Mekar, Cibinong, Bogor, Jawa Barat')"
JAWA BARAT_BOGOR_CIBINONG_PABUARAN,27842,"(-6.457189999999969, 106.85589000000004, 'Pabuaran, Cibinong, Bogor, Jawa Barat')"
JAWA BARAT_KUNINGAN_CIGUGUR_SUKAMULYA,2473,"(-6.97691999999995, 108.45816000000008, 'Sukamulya, Cigugur, Jawa Barat')"
JAWA BARAT_KUNINGAN_CIGUGUR_WINDUHERANG,2540,"(-6.967119999999966, 108.47316000000006, 'Winduherang, Cigugur, Jawa Barat')"
JAWA BARAT_MAJALENGKA_TALAGA_GUNUNG MANIK,2563,"(-6.981109999999944, 108.35111000000006, 'Gunungmanik, Jawa Barat')"
JAWA BARAT_BOGOR_KEMANG_ATANG SENJAYA,1575,"(-6.542949999999962, 106.76045000000005, 'Atang Senjaya, Kemang, Bogor, Jawa Barat')"
JAWA BARAT_BOGOR_KLAPANUNGGAL_BANTARJATI,5829,"(-6.443059999999946, 106.94667000000004, 'Klapanunggal, Jawa Barat')"
JAWA BARAT_MAJALENGKA_PANYINGKIRAN_PASIR MUNCANG,2631,"(-6.819039999999973, 108.18200000000007, 'Pasirmuncang, Panyingkiran, Jawa Barat')"
JAWA BARAT_MAJALENGKA_RAJAGALUH_BABAKAN KAREO,1236,"(-6.785709999999938, 108.33973000000009, 'Rajagaluh, Jawa Barat')"
JAWA BARAT_MAJALENGKA_SUKAHAJI_BABAKAN MANJETI,3222,"(-6.815099999999973, 108.26242000000008, 'Babakan Manjeti, Sukahaji, Jawa Barat')"
JAWA BARAT_CIREBON_SUSUKAN LEBAK_KARANGMANGU,3600,"(-6.879349999999931, 108.61372000000006, 'Karangmangu, Susukanlebak, Cirebon, Jawa Barat')"
JAWA BARAT_BEKASI_BEKASI SELATAN_JAKA SETIA,25576,"(-6.266789999999958, 106.97128000000004, 'Jaka Setia, Bekasi Selatan, Bekasi, Jawa Barat')"
JAWA BARAT_BEKASI_BEKASI SELATAN_KAYURINGIN JAYA,33741,"(-6.239129999999932, 106.98497000000003, 'Kayuringin Jaya, Bekasi Selatan, Bekasi, Jawa Barat')"
JAWA BARAT_BEKASI_BEKASI SELATAN_MARGA JAYA,10457,"(-6.243539999999939, 106.99869000000007, 'Marga Jaya, Bekasi Selatan, Bekasi, Jawa Barat')"
JAWA BARAT_BEKASI_BEKASI SELATAN_PEKAYON JAYA,33937,"(-6.260039999999947, 106.97819000000004, 'Pekayon Jaya, Bekasi Selatan, Bekasi, Jawa Barat')"
JAWA BARAT_TASIKMALAYA_CIBEUREUM_SETIARATU,5187,"(-7.342449999999928, 108.23656000000005, 'Setiaratu, Cibeureum, Tasikmalaya, Jawa Barat')"
JAWA BARAT_KUNINGAN_MANDIRANCAN_NANGGELA,2279,"(-6.798209999999926, 108.47199000000006, 'Nanggela, Mandirancan, Jawa Barat')"
JAWA BARAT_GARUT_CISURUPAN_SUKAWARGI,6472,"(-7.366769999999974, 107.76764000000009, 'Sukawargi, Cisurupan, Jawa Barat')"
JAWA BARAT_INDRAMAYU_INDRAMAYU_MARGADADI,6857,"(-6.325909999999965, 108.32416000000006, 'Margadadi, Indramayu, Jawa Barat')"
JAWA BARAT_INDRAMAYU_INDRAMAYU_PAOMAN,5652,"(-6.320649999999944, 108.32518000000005, 'Paoman, Indramayu, Jawa Barat')"
JAWA BARAT_BANDUNG_CICENDO_PASIR KALIKI,6653,"(-6.9089499999999475, 107.59990000000005, 'Pasirkaliki, Cicendo, Bandung, Jawa Barat')"
JAWA BARAT_KARAWANG_KARAWANG TIMUR_KARAWANG WETAN,21105,"(-6.300669999999968, 107.31264000000004, 'Karawang Wetan, Karawang Timur, Jawa Barat')"
JAWA BARAT_BOGOR_CIBINONG_KARADENAN,18093,"(-6.515889999999956, 106.80803000000009, 'Karadenan, Cibinong, Bogor, Jawa Barat')"
JAWA BARAT_BANDUNG_REGOL_CIATEUL,5382,"(-6.934229999999957, 107.60640000000006, 'Ciateul, Regol, Bandung, Jawa Barat')"
JAWA BARAT_BANDUNG_REGOL_CIGERELENG,8550,"(-6.939399999999978, 107.60932000000008, 'Cigereleng, Regol, Bandung, Jawa Barat')"
JAWA BARAT_BEKASI_MUSTIKA JAYA_CIMUNING,21710,"(-6.324069999999949, 107.02209000000005, 'Cimuning, Mustikajaya, Bekasi, Jawa Barat')"
JAWA BARAT_BEKASI_MUSTIKA JAYA_MUSTIKAJAYA,40046,"(-6.292409999999961, 107.03130000000004, 'Mustika Jaya, Mustikajaya, Bekasi, Jawa Barat')"
JAWA BARAT_BEKASI_MUSTIKA JAYA_MUSTIKASARI,20787,"(-6.290429999999958, 107.01203000000004, 'Mustika Sari, Mustikajaya, Bekasi, Jawa Barat')"
JAWA BARAT_BEKASI_MUSTIKA JAYA_PADURENAN,27052,"(-6.315089999999941, 106.99856000000005, 'Padurenan, Mustikajaya, Bekasi, Jawa Barat')"
JAWA BARAT_BEKASI_PONDOK GEDE_JATIBENING,23232,"(-6.260209999999972, 106.95021000000008, 'Jatibening, Pondok Gede, Bekasi, Jawa Barat')"
JAWA BARAT_INDRAMAYU_KROYA_TEMIYANGSARI,4930,"(-6.4912499999999795, 108.01756000000006, 'Temiyangsari, Kroya, Jawa Barat')"
JAWA BARAT_INDRAMAYU_LELEA_TELAGASARI,2612,"(-6.4648599999999306, 108.23144000000008, 'Telagasari, Lelea, Jawa Barat')"
JAWA BARAT_BOGOR_BOJONG GEDE_PABUARAN,22825,"(-6.453399999999931, 106.79900000000004, 'Pabuaran, Bojong Gede, Bogor, Jawa Barat')"
JAWA BARAT_BEKASI_BEKASI BARAT_BINTARA,39064,"(-6.231419999999957, 106.96056000000004, 'Bintara, Bekasi Barat, Bekasi, Jawa Barat')"
JAWA BARAT_BEKASI_BEKASI BARAT_BINTARA JAYA,22321,"(-6.23906999999997, 106.94808000000006, 'Bintara Jaya, Bekasi Barat, Bekasi, Jawa Barat')"
JAWA BARAT_BEKASI_RAWA LUMBU_BOJONG RAWALUMBU,42636,"(-6.2835399999999595, 106.99151000000006, 'Bojong Rawalumbu, Rawalumbu, Bekasi, Jawa Barat')"
JAWA BARAT_BEKASI_RAWA LUMBU_PENGASINAN,35369,"(-6.268379999999979, 107.00666000000007, 'Pengasinan, Rawalumbu, Bekasi, Jawa Barat')"
JAWA BARAT_BEKASI_RAWA LUMBU_SEPANJANG JAYA,23902,"(-6.264529999999979, 106.99834000000004, 'Sepanjang Jaya, Rawalumbu, Bekasi, Jawa Barat')"
JAWA BARAT_BOGOR_BOGOR BARAT_BALUMBANG JAYA,8213,"(-6.556339999999977, 106.73699000000005, 'SD Balumbang Jaya')"
JAWA BARAT_BOGOR_BOGOR BARAT_BUBULAK,10594,"(-6.5643799999999715, 106.75637000000006, 'Bubulak, Bogor Barat, Bogor, Jawa Barat')"
JAWA BARAT_INDRAMAYU_JUNTINYUAT_JUNTI WEDEN,3362,"(-6.438809999999933, 108.42641000000003, 'Juntiweden, Juntinyuat, Jawa Barat')"
JAWA BARAT_INDRAMAYU_JUNTINYUAT_SAMBIMAYA,3183,"(-6.439239999999927, 108.39514000000008, 'Sambimaya, Juntinyuat, Jawa Barat')"
JAWA BARAT_INDRAMAYU_JUNTINYUAT_SEGERAN LOR,8758,"(-6.455659999999966, 108.40153000000004, 'Segeran, Juntinyuat, Jawa Barat')"
JAWA BARAT_BANDUNG_BOJONGLOA KALER_BABAKAN TAROGONG,19917,"(-6.927039999999977, 107.59101000000004, 'Babakan Tarogong, Bojongloa Kaler, Bandung, Jawa Barat')"
JAWA BARAT_BANDUNG_BOJONGLOA KALER_JAMIKA,18670,"(-6.9221299999999815, 107.58762000000007, 'Jamika, Bojongloa Kaler, Bandung, Jawa Barat')"
JAWA BARAT_BANDUNG_BOJONGLOA KALER_KOPO,20309,"(-6.943759999999941, 107.59090000000003, 'Kopo, Bojongloa Kaler, Bandung, Jawa Barat')"
JAWA BARAT_BANDUNG_BOJONGLOA KALER_SUKA ASIH,12766,"(-6.932799999999929, 107.58990000000006, 'Suka Asih, Bojongloa Kaler, Bandung, Jawa Barat')"
JAWA BARAT_BANDUNG_BOJONGLOA KIDUL_CIBADUYUT,7538,"(-6.952459999999974, 107.59340000000009, 'Cibaduyut, Bojongloa Kidul, Bandung, Jawa Barat')"
JAWA BARAT_BANDUNG_BOJONGLOA KIDUL_CIBADUYUT KIDUL,5869,"(-6.959859999999935, 107.59090000000003, 'Cibaduyut Kidul, Bojongloa Kidul, Bandung, Jawa Barat')"
JAWA BARAT_BANDUNG_BOJONGLOA KIDUL_CIBADUYUT WETAN,5306,"(-6.959119999999928, 107.59353000000004, 'Cibaduyut Wetan, Bojongloa Kidul, Bandung, Jawa Barat')"
JAWA BARAT_BANDUNG_BOJONGLOA KIDUL_KEBON LEGA,17087,"(-6.947619999999972, 107.59703000000007, 'Kebon Lega, Bojongloa Kidul, Bandung, Jawa Barat')"
JAWA BARAT_BANDUNG_BOJONGLOA KIDUL_MEKARWANGI,6601,"(-6.958139999999958, 107.60521000000006, 'Mekar Wangi, Bojongloa Kidul, Bandung, Jawa Barat')"
JAWA BARAT_BANDUNG_BOJONGLOA KIDUL_SITUSAEUR,14621,"(-6.9404799999999796, 107.59673000000004, 'Situsaeur, Bojongloa Kidul, Bandung, Jawa Barat')"
JAWA BARAT_BOGOR_CIBINONG_PAKANSARI,19816,"(-6.485069999999951, 106.84350000000006, 'Pakansari, Cibinong, Bogor, Jawa Barat')"
JAWA BARAT_BOGOR_CIBINONG_PONDOK RAJEG,9297,"(-6.462129999999945, 106.82490000000007, 'Pondok Rajeg, Cibinong, Bogor, Jawa Barat')"
JAWA BARAT_BOGOR_CIBINONG_SUKAHATI,14706,"(-6.492559999999969, 106.81344000000007, 'Sukahati, Cibinong, Bogor, Jawa Barat')"
JAWA BARAT_BOGOR_CIBINONG_TENGAH,7847,"(-6.481139999999925, 106.82360000000006, 'Tengah, Cibinong, Bogor, Jawa Barat')"
JAWA BARAT_KARAWANG_TELUKJAMBE BARAT_KARANGLIGAR,3930,"(-6.321549999999945, 107.25585000000007, 'Karangligar, Telukjambe Barat, Jawa Barat')"
JAWA BARAT_BANDUNG_BANDUNG KIDUL_BATUNUNGGAL,12907,"(-6.9523099999999545, 107.63119000000006, 'Batununggal, Bandung Kidul, Bandung, Jawa Barat')"
JAWA BARAT_BANDUNG_REGOL_CISEUREUH,10981,"(-6.947779999999966, 107.61282000000006, 'Ciseureuh, Regol, Bandung, Jawa Barat')"
JAWA BARAT_BANDUNG_REGOL_PASIRLUYU,11212,"(-6.946019999999976, 107.61941000000007, 'Pasirluyu, Regol, Bandung, Jawa Barat')"
JAWA BARAT_BANDUNG_REGOL_PUNGKUR,5798,"(-6.92930999999993, 107.60827000000006, 'Pungkur, Regol, Bandung, Jawa Barat')"
JAWA BARAT_BANDUNG_SUKAJADI_CIPEDES,19416,"(-6.8820199999999545, 107.59376000000009, 'Cipedes, Sukajadi, Bandung, Jawa Barat')"
JAWA BARAT_BANDUNG_SUKAJADI_PASTEUR,12473,"(-6.893839999999955, 107.59966000000009, 'Pasteur, Sukajadi, Bandung, Jawa Barat')"
JAWA BARAT_BANDUNG_SUKAJADI_SUKABUNGAH,14699,"(-6.892969999999934, 107.59343000000007, 'Sukabungah, Sukajadi, Bandung, Jawa Barat')"
JAWA BARAT_BANDUNG_SUKAJADI_SUKAGALIH,12031,"(-6.886569999999949, 107.58630000000005, 'Sukagalih, Sukajadi, Bandung, Jawa Barat')"
JAWA BARAT_BANDUNG_SUKAJADI_SUKAWARNA,9580,"(-6.886299999999949, 107.57828000000006, 'Sukawarna, Sukajadi, Bandung, Jawa Barat')"
JAWA BARAT_BANDUNG_SUKASARI_GEGERKALONG,15400,"(-6.865099999999927, 107.58845000000008, 'Gegerkalong, Sukasari, Bandung, Jawa Barat')"
JAWA BARAT_DEPOK_CILODONG_KALIMULYA,11404,"(-6.4340499999999565, 106.82173000000006, 'Kalimulya, Cilodong, Jawa Barat')"
JAWA BARAT_DEPOK_CILODONG_SUKAMAJU,44989,"(-6.407879999999977, 106.85585000000003, 'Sukamaju, Cilodong, Jawa Barat')"
JAWA BARAT_TASIKMALAYA_INDIHIANG_SIRNAGALIH,4863,"(-7.291979999999967, 108.20601000000005, 'Sirnagalih, Indihiang, Tasikmalaya, Jawa Barat')"
JAWA BARAT_TASIKMALAYA_INDIHIANG_SUKAMAJU KALER,8004,"(-7.278329999999926, 108.18962000000005, 'Sukamajukaler, Indihiang, Tasikmalaya, Jawa Barat')"
JAWA BARAT_TASIKMALAYA_INDIHIANG_SUKAMAJU KIDUL,6019,"(-7.286769999999933, 108.18736000000007, 'Sukamajukidul, Indihiang, Tasikmalaya, Jawa Barat')"
JAWA BARAT_TASIKMALAYA_KAWALU_CIBEUTI,7310,"(-7.388309999999933, 108.18131000000005, 'Cibeuti, Kawalu, Tasikmalaya, Jawa Barat')"
JAWA BARAT_TASIKMALAYA_KAWALU_CILAMAJANG,5511,"(-7.3738199999999665, 108.19652000000008, 'Cilamajang, Kawalu, Tasikmalaya, Jawa Barat')"
JAWA BARAT_TASIKMALAYA_KAWALU_GUNUNG GEDE,5661,"(-7.399699999999939, 108.21183000000008, 'Gununggede, Kawalu, Tasikmalaya, Jawa Barat')"
JAWA BARAT_TASIKMALAYA_KAWALU_KARANG ANYAR,6946,"(-7.369819999999947, 108.18435000000005, 'Karanganyar, Kawalu, Tasikmalaya, Jawa Barat')"
JAWA BARAT_TASIKMALAYA_KAWALU_KARSAMENAK,11106,"(-7.379169999999931, 108.20985000000007, 'Karsamenak, Kawalu, Tasikmalaya, Jawa Barat')"
JAWA BARAT_TASIKMALAYA_KAWALU_LEUWILIANG,4383,"(-7.4204899999999725, 108.18733000000009, 'Leuwiliang, Kawalu, Tasikmalaya, Jawa Barat')"
JAWA BARAT_TASIKMALAYA_KAWALU_TALAGASARI,4887,"(-7.3961799999999585, 108.20364000000006, 'Talagasari, Kawalu, Tasikmalaya, Jawa Barat')"
JAWA BARAT_TASIKMALAYA_KAWALU_TANJUNG,5830,"(-7.400459999999953, 108.18790000000007, 'Tanjung, Kawalu, Tasikmalaya, Jawa Barat')"
JAWA BARAT_TASIKMALAYA_KAWALU_URUG,6162,"(-7.4188499999999635, 108.19970000000006, 'Urug, Kawalu, Tasikmalaya, Jawa Barat')"
JAWA BARAT_TASIKMALAYA_MANGKUBUMI_CIGANTANG,7198,"(-7.3600099999999316, 108.18861000000004, 'Cigantang, Mangkubumi, Tasikmalaya, Jawa Barat')"
JAWA BARAT_TASIKMALAYA_MANGKUBUMI_CIPARI,6567,"(-7.344989999999939, 108.17506000000009, 'Cipari, Mangkubumi, Tasikmalaya, Jawa Barat')"
JAWA BARAT_TASIKMALAYA_MANGKUBUMI_CIPAWITRA,5268,"(-7.337499999999977, 108.15687000000008, 'Cipawitra, Mangkubumi, Tasikmalaya, Jawa Barat')"
JAWA BARAT_KARAWANG_KARAWANG BARAT_KARAWANG KULON,14834,"(-6.3126799999999434, 107.28425000000004, 'Karawang Kulon, Karawang Barat, Jawa Barat')"
JAWA BARAT_KARAWANG_KARAWANG BARAT_MEKARJATI,10323,"(-6.247019999999964, 107.29644000000008, 'Mekarjati, Karawang Barat, Jawa Barat')"
JAWA BARAT_KARAWANG_KARAWANG BARAT_NAGASARI,15891,"(-6.278849999999977, 107.31545000000006, 'Nagasari, Karawang Barat, Jawa Barat')"
JAWA BARAT_KARAWANG_KARAWANG BARAT_TANJUNG MEKAR,10798,"(-6.273049999999955, 107.28196000000008, 'Tanjungmekar, Karawang Barat, Jawa Barat')"
JAWA BARAT_BANDUNG_ANTAPANI_ANTAPANI KIDUL,17576,"(-6.9221299999999815, 107.65979000000004, 'Antapani Kidul, Antapani, Bandung, Jawa Barat')"
JAWA BARAT_BANDUNG_ANTAPANI_ANTAPANI KULON,6973,"(-6.910139999999956, 107.65641000000005, 'Antapani Kulon, Antapani, Bandung, Jawa Barat')"
JAWA BARAT_BANDUNG_ANTAPANI_ANTAPANI TENGAH,15402,"(-6.91739999999993, 107.65954000000005, 'Antapani Tengah, Antapani, Bandung, Jawa Barat')"
JAWA BARAT_BANDUNG_ANTAPANI_ANTAPANI WETAN,11616,"(-6.908929999999941, 107.66380000000004, 'Antapani Wetan, Antapani, Bandung, Jawa Barat')"
JAWA BARAT_BANDUNG_ARCAMANIK_CISARANTEN BINA HARAPAN,7949,"(-6.909649999999942, 107.68415000000005, 'Cisaranten Bina Harapan, Arcamanik, Bandung, Jawa Barat')"
JAWA BARAT_BANDUNG_ARCAMANIK_CISARANTEN ENDAH,12799,"(-6.930159999999944, 107.67164000000008, 'Cisaranten Endah, Arcamanik, Bandung, Jawa Barat')"
JAWA BARAT_TASIKMALAYA_KAWALU_GUNUNG TANDALA,6786,"(-7.385429999999928, 108.21979000000005, 'Gunungtandala, Kawalu, Tasikmalaya, Jawa Barat')"
JAWA BARAT_BEKASI_CIBITUNG_WANASARI,61434,"(-6.232689999999934, 107.09299000000004, 'Wanasari, Cibitung, Bekasi, Jawa Barat')"
JAWA BARAT_BANDUNG_DAYEUHKOLOT_PASAWAHAN,7283,"(-6.97506999999996, 107.61078000000003, 'Pasawahan, Dayeuhkolot, Bandung, Jawa Barat')"
JAWA BARAT_BANDUNG_BANDUNG KIDUL_KUJANGSARI,14734,"(-6.962079999999958, 107.64426000000009, 'Kujangsari, Bandung Kidul, Bandung, Jawa Barat')"
JAWA BARAT_BANDUNG_BANDUNG KIDUL_MENGGER,6996,"(-6.959989999999948, 107.62892000000005, 'Mengger, Bandung Kidul, Bandung, Jawa Barat')"
JAWA BARAT_BANDUNG_BANDUNG KULON_CARINGIN,6697,"(-6.931799999999953, 107.57103000000006, 'Caringin, Bandung Kulon, Bandung, Jawa Barat')"
JAWA BARAT_BANDUNG_BANDUNG KULON_CIBUNTU,12361,"(-6.919179999999926, 107.57291000000004, 'Cibuntu, Bandung Kulon, Bandung, Jawa Barat')"
JAWA BARAT_BANDUNG_BANDUNG KULON_CIGONDEWAH KALER,12373,"(-6.935289999999952, 107.56274000000008, 'Cigondewah Kaler, Bandung Kulon, Bandung, Jawa Barat')"
JAWA BARAT_BANDUNG_BANDUNG KULON_CIGONDEWAH KIDUL,6078,"(-6.941669999999931, 107.56459000000007, 'Cigondewah Kidul, Bandung Kulon, Bandung, Jawa Barat')"
JAWA BARAT_BANDUNG_BANDUNG KULON_CIGONDEWAH RAHAYU,7192,"(-6.94933999999995, 107.56540000000007, 'Cigondewah Rahayu, Bandung Kulon, Bandung, Jawa Barat')"
JAWA BARAT_BOGOR_CIBINONG_PABUARAN MEKAR,14656,"(-6.4467299999999454, 106.84815000000003, 'Pabuaran Mekar, Cibinong, Bogor, Jawa Barat')"
JAWA BARAT_DEPOK_PANCORAN MAS_MAMPANG,16934,"(-6.394969999999944, 106.79795000000007, 'Mampang, Pancoran Mas, Jawa Barat')"
JAWA BARAT_DEPOK_PANCORAN MAS_PANCORAN MAS,37786,"(-6.400109999999927, 106.81007000000005, 'Pancoran Mas, Jawa Barat')"
JAWA BARAT_KUNINGAN_CILIMUS_LINGGAJATI,3004,"(-6.875609999999938, 108.47019000000006, 'Linggajati, Cilimus, Jawa Barat')"
JAWA BARAT_BOGOR_SUKAJAYA_PASIRMADANG,3341,"(-6.594139999999925, 106.46693000000005, 'Pasir Madang, Sukajaya, Bogor, Jawa Barat')"
JAWA BARAT_DEPOK_TAPOS_JATIJAJAR,23738,"(-6.4126399999999535, 106.86669000000006, 'Jatijajar, Tapos, Jawa Barat')"
JAWA BARAT_DEPOK_TAPOS_SUKAMAJU BARU,27000,"(-6.40582999999998, 106.87701000000004, 'Sukamaju Baru, Tapos, Jawa Barat')"
JAWA BARAT_KUNINGAN_KUNINGAN_KUNINGAN,8990,"(-6.9758299999999736, 108.48306000000008, 'Kuningan, Jawa Barat')"
JAWA BARAT_KUNINGAN_KUNINGAN_PURWAWINANGUN,11231,"(-6.972059999999942, 108.48620000000005, 'Purwawinangun, Kuningan, Jawa Barat')"
JAWA BARAT_KUNINGAN_KUNINGAN_WINDUHAJI,4401,"(-6.985959999999977, 108.49834000000004, 'Winduhaji, Kuningan, Jawa Barat')"
JAWA BARAT_KUNINGAN_KUNINGAN_WINDUSENGKAHAN,2082,"(-6.979629999999929, 108.50035000000008, 'Windusengkahan, Kuningan, Jawa Barat')"
JAWA BARAT_SUBANG_CIPEUNDUEY_BANGGALAMULYA,2610,"(-6.570539999999937, 107.60351000000009, 'Banggalamulya, Kalijati, Jawa Barat')"
JAWA BARAT_SUBANG_CIPEUNDUEY_CIMAYASARI,4277,"(-6.5515799999999444, 107.57083000000006, 'Cimayasari, Cipeundeuy, Jawa Barat')"
JAWA BARAT_SUBANG_CIPEUNDUEY_CIPEUNDEUY,6301,"(-6.507879999999943, 107.60778000000005, 'Cipeundeuy, Jawa Barat')"
JAWA BARAT_SUBANG_CIPEUNDUEY_JATUPANG,2686,"(-6.507879999999943, 107.60778000000005, 'Cipeundeuy, Jawa Barat')"
JAWA BARAT_SUBANG_CIPEUNDUEY_LENGKONG,5674,"(-6.510099999999966, 107.61927000000009, 'Lengkong, Cipeundeuy, Jawa Barat')"
JAWA BARAT_SUBANG_CIPEUNDUEY_SAWANGAN,4322,"(-6.462419999999952, 107.61351000000008, 'Sawangan, Cipeundeuy, Jawa Barat')"
JAWA BARAT_BOGOR_TAJURHALANG_SASAKPANJANG,16945,"(-6.457939999999951, 106.76245000000006, 'Sasak Panjang, Tajur Halang, Bogor, Jawa Barat')"
JAWA BARAT_SUBANG_SUBANG_PARUNG,6627,"(-6.585679999999968, 107.74053000000004, 'Parung, Subang, Jawa Barat')"
JAWA BARAT_SUBANG_SUBANG_PASIRKAREUMBI,11147,"(-6.5789199999999255, 107.74971000000005, 'Pasirkareumbi, Subang, Jawa Barat')"
JAWA BARAT_SUBANG_SUBANG_SOKLAT,9298,"(-6.571709999999939, 107.76813000000004, 'Soklat, Subang, Jawa Barat')"
JAWA BARAT_SUBANG_SUBANG_SUKAMELANG,11477,"(-6.538629999999955, 107.77470000000005, 'Sukamelang, Subang, Jawa Barat')"
JAWA BARAT_SUBANG_SUBANG_WANAREJA,3831,"(-6.58021999999994, 107.81374000000005, 'Wanareja, Subang, Jawa Barat')"
JAWA BARAT_BEKASI_BABELAN_BAHAGIA,53437,"(-6.187049999999942, 107.01173000000006, 'Bahagia, Babelan, Bekasi, Jawa Barat')"
JAWA BARAT_BEKASI_BABELAN_KEBALEN,29635,"(-6.1868899999999485, 107.03907000000004, 'Kebalen, Babelan, Bekasi, Jawa Barat')"
JAWA BARAT_BOGOR_CIGUDEG_TEGAL LEGA,5469,"(-6.4685499999999365, 106.58646000000005, 'Tegalega, Cigudeg, Bogor, Jawa Barat')"
JAWA BARAT_BANJAR_BANJAR_BANJAR,11591,"(-7.371939999999938, 108.52758000000006, 'Banjar, Jawa Barat')"
JAWA BARAT_BOGOR_CIGOMBONG_PASIR JAYA,5022,"(-6.725209999999947, 106.78897000000006, 'Pasir Jaya, Cigombong, Bogor, Jawa Barat')"
JAWA BARAT_MAJALENGKA_CIGASONG_CIGASONG,3971,"(-6.835419999999942, 108.25658000000004, 'Cigasong, Jawa Barat')"
JAWA BARAT_MAJALENGKA_CIGASONG_SIMPEUREUM,2219,"(-6.83197999999993, 108.26197000000008, 'Simpeureum, Cigasong, Jawa Barat')"
JAWA BARAT_MAJALENGKA_TALAGA_MEKAR RAHARJA,2728,"(-6.977289999999925, 108.28903000000008, 'Mekarraharja, Talaga, Jawa Barat')"
JAWA BARAT_KARAWANG_KARAWANG TIMUR_PLAWAD,8239,"(-6.299339996790202, 107.31982496907926, 'Jalan Plawad, Karawang Timur, Jawa Barat, 41321')"
JAWA BARAT_BANDUNG_BANDUNG KIDUL_WATES,5524,"(-6.959039999999959, 107.61298000000005, 'Wates, Bandung Kidul, Bandung, Jawa Barat')"
JAWA BARAT_DEPOK_TAPOS_LEUWINANGGUNG,7991,"(-6.407699999999977, 106.90392000000008, 'Leuwinanggung, Tapos, Jawa Barat')"
JAWA BARAT_MAJALENGKA_CIGASONG_CICENANG,3266,"(-6.822909999999979, 108.24905000000007, 'Cicenang, Cigasong, Jawa Barat')"
JAWA BARAT_BANDUNG_RANCAEKEK_RANCAEKEK KENCANA,15575,"(-6.976949999999931, 107.75687000000005, 'Rancaekek Kencana, Rancaekek, Bandung, Jawa Barat')"
JAWA BARAT_MAJALENGKA_JATIWANGI_CIBORELANG,7054,"(-6.729399999999941, 108.26668000000006, 'Ciborelang, Jatiwangi, Jawa Barat')"
JAWA BARAT_MAJALENGKA_KADIPATEN_BABAKAN ANYAR,1598,"(-6.748209999999972, 108.15800000000007, 'Babakan Anyar, Kadipaten, Jawa Barat')"
JAWA BARAT_CIAMIS_CIAMIS_KERTASARI,8017,"(-7.329909999999927, 108.36888000000005, 'Kertasari, Ciamis, Jawa Barat')"
JAWA BARAT_CIAMIS_CIAMIS_LINGGASARI,5051,"(-7.338729999999941, 108.33942000000008, 'Linggasari, Ciamis, Jawa Barat')"
JAWA BARAT_CIAMIS_CIAMIS_MALEBER,7429,"(-7.320319999999981, 108.34848000000005, 'Maleber, Ciamis, Jawa Barat')"
JAWA BARAT_CIAMIS_CIAMIS_SINDANGRASA,7818,"(-7.319819999999936, 108.31690000000003, 'Sindangrasa, Ciamis, Jawa Barat')"
JAWA BARAT_DEPOK_SUKMAJAYA_CISALAK,11499,"(-6.3814499999999725, 106.86063000000007, 'Cisalak, Sukma Jaya, Jawa Barat')"
JAWA BARAT_DEPOK_SUKMAJAYA_MEKAR JAYA,39504,"(-6.390049999999974, 106.83775000000009, 'Mekar Jaya, Sukma Jaya, Jawa Barat')"
JAWA BARAT_DEPOK_SUKMAJAYA_SUKMAJAYA,19788,"(-6.4163599999999406, 106.84185000000008, 'Sukmajaya, Sukma Jaya, Jawa Barat')"
JAWA BARAT_INDRAMAYU_BALONGAN_TEGAL SEMBADRA,2614,"(-6.382999999999981, 108.37022000000007, 'Tegalsembadra, Balongan, Jawa Barat')"
JAWA BARAT_PURWAKARTA_WANAYASA_TARINGGULTENGAH,2581,"(-6.63167999999996, 107.51698000000005, 'Taringgul Tengah, Wanayasa, Jawa Barat')"
JAWA BARAT_PURWAKARTA_WANAYASA_TARINGGULTONGGOH,2621,"(-6.636499999999955, 107.52197000000007, 'Taringgul Tonggoh, Wanayasa, Jawa Barat')"
JAWA BARAT_SUBANG_BLANAKAN_CILAMAYA GIRANG,6417,"(-6.269649999999956, 107.60137000000009, 'Cilamaya Girang, Blanakan, Jawa Barat')"
JAWA BARAT_TASIKMALAYA_TAMANSARI_SETIAMULYA,5257,"(-7.38552999999996, 108.22796000000005, 'Setiamulya, Taman Sari, Tasikmalaya, Jawa Barat')"
JAWA BARAT_TASIKMALAYA_TAMANSARI_SETIAWARGI,8265,"(-7.417159999999967, 108.24590000000006, 'Setiawargi, Taman Sari, Tasikmalaya, Jawa Barat')"
JAWA BARAT_TASIKMALAYA_TAMANSARI_SUKAHURIP,5631,"(-7.371799999999951, 108.23570000000007, 'Sukahurip, Taman Sari, Tasikmalaya, Jawa Barat')"
JAWA BARAT_TASIKMALAYA_TAMANSARI_SUMELAP,3688,"(-7.369179999999972, 108.24810000000008, 'Sumelap, Taman Sari, Tasikmalaya, Jawa Barat')"
JAWA BARAT_TASIKMALAYA_TAMANSARI_TAMANJAYA,6630,"(-7.386099999999942, 108.23848000000004, 'Tamanjaya, Taman Sari, Tasikmalaya, Jawa Barat')"
JAWA BARAT_TASIKMALAYA_TAMANSARI_TAMANSARI,6533,"(-7.530399999999929, 108.29860000000008, 'Tamansari, Jawa Barat')"
JAWA BARAT_TASIKMALAYA_TAWANG_CIKALANG,9173,"(-7.334799999999973, 108.23173000000008, 'Cikalang, Tawang, Tasikmalaya, Jawa Barat')"
JAWA BARAT_TASIKMALAYA_TAWANG_EMPANGSARI,5104,"(-7.328659999999957, 108.22413000000006, 'Empangsari, Tawang, Tasikmalaya, Jawa Barat')"
JAWA BARAT_TASIKMALAYA_TAWANG_KAHURIPAN,13898,"(-7.348629999999957, 108.22612000000004, 'Kahuripan, Tawang, Tasikmalaya, Jawa Barat')"
JAWA BARAT_BOGOR_BOGOR SELATAN_PAMOYANAN,9416,"(-6.6445999999999685, 106.80699000000004, 'Pamoyanan, Bogor Selatan, Bogor, Jawa Barat')"
JAWA BARAT_BOGOR_BOGOR SELATAN_RANCAMAYA,4466,"(-6.6699899999999275, 106.83175000000006, 'Rancamaya, Bogor Selatan, Bogor, Jawa Barat')"
JAWA BARAT_BOGOR_BOGOR SELATAN_RANGGAMEKAR,9795,"(-6.628669999999943, 106.80837000000008, 'Ranggamekar, Bogor Selatan, Bogor, Jawa Barat')"
JAWA BARAT_DEPOK_CINERE_CINERE,20281,"(-6.3250399999999445, 106.78453000000007, 'Cinere, Jawa Barat')"
JAWA BARAT_DEPOK_CINERE_GANDUL,16178,"(-6.339369999999974, 106.78896000000009, 'Gandul, Cinere, Jawa Barat')"
JAWA BARAT_DEPOK_CINERE_PANGKALAN JATI,11330,"(-6.320379999999943, 106.79292000000004, 'Pangkalanjati, Cinere, Jawa Barat')"
JAWA BARAT_DEPOK_CINERE_PANGKALAN JATI BARU,6366,"(-6.324539999999956, 106.80246000000005, 'Pangkalanjati Baru, Cinere, Jawa Barat')"
JAWA BARAT_GARUT_PASIRWANGI_PADAAWAS,5446,"(-7.203109999999981, 107.72632000000004, 'Padaawas, Pasirwangi, Jawa Barat')"
JAWA BARAT_KUNINGAN_CINIRU_CIJEMIT,1779,"(-7.048999999999978, 108.49840000000006, 'Cijemit, Jawa Barat')"
JAWA BARAT_CIMAHI_CIMAHI TENGAH_PADASUKA,25424,"(-6.868889999999965, 107.53214000000008, 'Padasuka, Cimahi Tengah, Jawa Barat')"
JAWA BARAT_CIMAHI_CIMAHI TENGAH_SETIAMANAH,14915,"(-6.87782999999996, 107.53570000000008, 'Setiamanah, Cimahi Tengah, Jawa Barat')"
JAWA BARAT_CIMAHI_CIMAHI UTARA_CIBABAT,35857,"(-6.870909999999981, 107.55759000000006, 'Cibabat, Cimahi Utara, Jawa Barat')"
JAWA BARAT_CIMAHI_CIMAHI UTARA_CIPAGERAN,32542,"(-6.850779999999929, 107.54165000000006, 'Cipageran, Cimahi Utara, Jawa Barat')"
JAWA BARAT_CIAMIS_TAMBAKSARI_KARANGPANINGGAL,2509,"(-7.271849999999972, 108.55729000000008, 'Karangpaningal, Tambaksari, Jawa Barat')"
JAWA BARAT_CIANJUR_AGRABINTA_TANJUNGSARI,2861,"(-7.430759999999964, 106.95411000000007, 'Tanjungsari, Agrabinta, Jawa Barat')"
JAWA BARAT_KUNINGAN_KUNINGAN_AWIRARANGAN,6765,"(-6.981089999999938, 108.48808000000008, 'Awirarangan, Kuningan, Jawa Barat')"
JAWA BARAT_KUNINGAN_KUNINGAN_CIGINTUNG,2258,"(-6.958559999999977, 108.48914000000008, 'Cigintung, Kuningan, Jawa Barat')"
JAWA BARAT_KUNINGAN_KUNINGAN_CIJOHO,6793,"(-6.969899999999939, 108.49812000000009, 'Cijoho, Kuningan, Jawa Barat')"
JAWA BARAT_KUNINGAN_KUNINGAN_CIPORANG,5303,"(-6.966219999999964, 108.50361000000004, 'Ciporang, Kuningan, Jawa Barat')"
JAWA BARAT_KUNINGAN_KUNINGAN_CIRENDANG,4009,"(-6.953429999999969, 108.48867000000007, 'Cirendang, Kuningan, Jawa Barat')"
JAWA BARAT_KUNINGAN_KUNINGAN_CITANGTU,3794,"(-6.999969999999962, 108.49383000000006, 'Citangtu, Kuningan, Jawa Barat')"
JAWA BARAT_BOGOR_BOGOR TENGAH_TEGALLEGA,12004,"(-6.598739999999964, 106.81103000000007, 'Tegallega, Bogor Tengah, Bogor, Jawa Barat')"
JAWA BARAT_BOGOR_BOGOR TIMUR_BARANANGSIANG,17975,"(-6.611769999999979, 106.81465000000009, 'Baranangsiang, Bogor Timur, Bogor, Jawa Barat')"
JAWA BARAT_BOGOR_BOGOR TIMUR_KATULAMPA,19406,"(-6.62092999999993, 106.82236000000006, 'Katulampa, Bogor Timur, Bogor, Jawa Barat')"
JAWA BARAT_BOGOR_BOGOR TIMUR_SINDANGRASA,9706,"(-6.636359999999968, 106.83694000000008, 'Sindangrasa, Bogor Timur, Bogor, Jawa Barat')"
JAWA BARAT_DEPOK_CIPAYUNG_CIPAYUNG,17758,"(-6.4376799999999434, 106.80755000000005, 'Cipayung, Jawa Barat')"
JAWA BARAT_DEPOK_CIPAYUNG_CIPAYUNG JAYA,11757,"(-6.437409999999943, 106.79551000000004, 'Cipayung Jaya, Cipayung, Jawa Barat')"
JAWA BARAT_DEPOK_CIPAYUNG_PONDOK JAYA,17285,"(-6.4332299999999805, 106.81104000000005, 'Pondok Jaya, Cipayung, Jawa Barat')"
JAWA BARAT_DEPOK_CIPAYUNG_RATU JAYA,22663,"(-6.424949999999967, 106.81202000000008, 'Ratujaya, Cipayung, Jawa Barat')"
JAWA BARAT_DEPOK_LIMO_GROGOL,15077,"(-6.37677999999994, 106.79001000000005, 'Grogol, Limo, Jawa Barat')"
JAWA BARAT_INDRAMAYU_SLIYEG_TUGU KIDUL,4187,"(-6.434819999999945, 108.36654000000004, 'Tugu Kidul, Sliyeg, Jawa Barat')"
JAWA BARAT_PURWAKARTA_KIARAPEDES_KIARAPEDES,2253,"(-6.672469999999976, 107.58893000000006, 'Kiarapedes, Jawa Barat')"
JAWA BARAT_BEKASI_RAWA LUMBU_BOJONG MENTENG,22019,"(-6.299269999999979, 106.98446000000007, 'Bojong Menteng, Rawalumbu, Bekasi, Jawa Barat')"
JAWA BARAT_DEPOK_BOJONGSARI_DUREN MEKAR,10267,"(-6.416049999999927, 106.74051000000009, 'Duren Mekar, Bojongsari, Jawa Barat')"
JAWA BARAT_DEPOK_BOJONGSARI_PONDOK PETIR,13058,"(-6.369399999999928, 106.72517000000005, 'Pondok Petir, Bojongsari, Jawa Barat')"
JAWA BARAT_DEPOK_BOJONGSARI_SERUA,10700,"(-6.368609999999933, 106.73682000000008, 'Serua, Bojongsari, Jawa Barat')"
JAWA BARAT_DEPOK_CILODONG_CILODONG,11638,"(-6.427589999999952, 106.83630000000005, 'Cilodong, Jawa Barat')"
JAWA BARAT_DEPOK_CILODONG_KALIBARU,17846,"(-6.435819999999978, 106.83469000000008, 'Kalibaru, Cilodong, Jawa Barat')"
JAWA BARAT_CIMAHI_CIMAHI SELATAN_UTAMA,21763,"(-6.902499999999975, 107.54082000000005, 'Utama, Cimahi Selatan, Jawa Barat')"
JAWA BARAT_CIMAHI_CIMAHI TENGAH_BAROS,12899,"(-6.888069999999971, 107.53722000000005, 'Baros, Cimahi Tengah, Jawa Barat')"
JAWA BARAT_CIMAHI_CIMAHI TENGAH_CIGUGUR TENGAH,30566,"(-6.89916999999997, 107.55167000000006, 'Cigugur Tengah, Cimahi Tengah, Jawa Barat')"
JAWA BARAT_CIMAHI_CIMAHI TENGAH_CIMAHI,8899,"(-6.871919999999932, 107.54876000000007, 'Cimahi, Cimahi Tengah, Jawa Barat')"
JAWA BARAT_CIMAHI_CIMAHI TENGAH_KARANGMEKAR,10978,"(-6.881129999999928, 107.54370000000006, 'Karangmekar, Cimahi Tengah, Jawa Barat')"
JAWA BARAT_DEPOK_TAPOS_TAPOS,10284,"(-6.418769999999938, 106.89267000000007, 'Tapos, Jawa Barat')"
JAWA BARAT_SUKABUMI_BAROS_BAROS,10907,"(-6.959129999999959, 106.92559000000006, 'Baros, Sukabumi, Jawa Barat')"
JAWA BARAT_DEPOK_CIPAYUNG_BOJONG PONDOK TERONG,21144,"(-6.435839999999928, 106.80414000000007, 'Bojong Pondok Terong, Cipayung, Jawa Barat')"
JAWA BARAT_BOGOR_CISARUA_CISARUA,6434,"(-6.6801099999999565, 106.93231000000009, 'Cisarua, Bogor, Jawa Barat')"
JAWA BARAT_DEPOK_BOJONGSARI_DUREN SERIBU,8048,"(-6.432209999999941, 106.75004000000007, 'Duren Seribu, Bojongsari, Jawa Barat')"
JAWA BARAT_DEPOK_CILODONG_JATIMULYA,7699,"(-6.444919999999968, 106.82974000000007, 'Jatimulya, Cilodong, Jawa Barat')"
JAWA BARAT_DEPOK_TAPOS_SUKATANI,35882,"(-6.39471999999995, 106.89113000000003, 'Sukatani, Tapos, Jawa Barat')"
JAWA BARAT_CIAMIS_SUKAMANTRI_TENGGERAHARJA,1902,"(-7.07153999999997, 108.27973000000009, 'Sukamantri, Jawa Barat')"
JAWA BARAT_CIMAHI_CIMAHI UTARA_CITEUREUP,25446,"(-6.86197999999996, 107.55003000000005, 'Citeureup, Cimahi Utara, Jawa Barat')"
JAWA BARAT_CIMAHI_CIMAHI UTARA_PASIRKALIKI,12940,"(-6.883149999999944, 107.56641000000008, 'Pasirkaliki, Cimahi Utara, Jawa Barat')"
JAWA BARAT_CIREBON_HARJAMUKTI_ARGASUNYA,13863,"(-6.7736999999999625, 108.53744000000006, 'Argasunya, Harjamukti, Cirebon, Jawa Barat')"
JAWA BARAT_CIREBON_HARJAMUKTI_HARJAMUKTI,15117,"(-6.755269999999939, 108.54927000000004, 'Harjamukti, Cirebon, Jawa Barat')"
JAWA BARAT_CIREBON_HARJAMUKTI_KECAPI,16391,"(-6.745159999999942, 108.55852000000004, 'Kecapi, Harjamukti, Cirebon, Jawa Barat')"
JAWA BARAT_CIREBON_HARJAMUKTI_LARANGAN,11451,"(-6.74828999999994, 108.56474000000009, 'Larangan, Harjamukti, Cirebon, Jawa Barat')"
JAWA BARAT_CIREBON_KEJAKSAN_KEBON BARU,6314,"(-6.70614999999998, 108.56143000000009, 'Kebonbaru, Kejaksan, Cirebon, Jawa Barat')"
JAWA BARAT_CIREBON_KEJAKSAN_KEJAKSAN,6792,"(-6.712129999999945, 108.55826000000008, 'Kejaksan, Cirebon, Jawa Barat')"
JAWA BARAT_GARUT_CILAWU_MANGKURAKYAT,6588,"(-7.249079999999935, 107.88261000000006, 'Mangkurayat, Cilawu, Jawa Barat')"
JAWA BARAT_BANDUNG_ANDIR_KEBON JERUK,9058,"(-6.917119999999954, 107.59901000000008, 'Kebon Jeruk, Andir, Bandung, Jawa Barat')"
JAWA BARAT_BANDUNG_ANDIR_MALEBER,12251,"(-6.909039999999948, 107.57193000000007, 'Maleber, Andir, Bandung, Jawa Barat')"
JAWA BARAT_BANDUNG_KIARACONDONG_CICAHEUM,11643,"(-6.904169999999965, 107.65229000000005, 'Cicaheum, Kiaracondong, Bandung, Jawa Barat')"
JAWA BARAT_BANDUNG_KIARACONDONG_KEBON JAYANTI,8877,"(-6.927229998133718, 107.64677497448716, 'Jalan Kebon Jayanti, Kiaracondong, Bandung, Jawa Barat, 40284')"
JAWA BARAT_BANDUNG_KIARACONDONG_KEBON KANGKUNG,8444,"(-6.940109999999947, 107.64264000000009, 'Kebon Kangkung, Kiaracondong, Bandung, Jawa Barat')"
JAWA BARAT_BANDUNG_KIARACONDONG_SUKAPURA,18883,"(-6.934249999999963, 107.64975000000004, 'Sukapura, Kiaracondong, Bandung, Jawa Barat')"
JAWA BARAT_BANDUNG_LENGKONG_BURANGRANG,6936,"(-6.928819999999973, 107.61734000000007, 'Burangrang, Lengkong, Bandung, Jawa Barat')"
JAWA BARAT_BANDUNG_LENGKONG_CIJAGRA,7265,"(-6.937479999999937, 107.62164000000007, 'Cijagra, Lengkong, Bandung, Jawa Barat')"
JAWA BARAT_BANDUNG_LENGKONG_CIKAWAO,5963,"(-6.926129999999944, 107.61138000000005, 'Cikawao, Lengkong, Bandung, Jawa Barat')"
JAWA BARAT_BANDUNG_LENGKONG_LINGKAR SELATAN,5739,"(-6.9274299999999585, 107.62692000000004, 'Lingkar Selatan, Lengkong, Bandung, Jawa Barat')"
JAWA BARAT_BANDUNG_LENGKONG_PALEDANG,4471,"(-6.923409999999933, 107.61458000000005, 'Paledang, Lengkong, Bandung, Jawa Barat')"
JAWA BARAT_BANDUNG_CIBIRU_PALASARI,13926,"(-6.915409999999952, 107.72048000000007, 'Palasari, Cibiru, Bandung, Jawa Barat')"
JAWA BARAT_BANDUNG_CICENDO_ARJUNA,10008,"(-6.9088899999999285, 107.59163000000007, 'Arjuna, Cicendo, Bandung, Jawa Barat')"
JAWA BARAT_BEKASI_BEKASI UTARA_HARAPAN BARU,13962,"(-6.213289999999972, 107.01968000000005, 'Harapan Baru, Bekasi Utara, Bekasi, Jawa Barat')"
JAWA BARAT_BEKASI_BEKASI UTARA_HARAPAN JAYA,48334,"(-6.20670999999993, 106.99088000000006, 'Harapan Jaya, Bekasi Utara, Bekasi, Jawa Barat')"
JAWA BARAT_DEPOK_LIMO_KRUKUT,10549,"(-6.35534999999993, 106.79118000000005, 'Krukut, Limo, Jawa Barat')"
JAWA BARAT_DEPOK_LIMO_LIMO,19412,"(-6.37161999999995, 106.77305000000007, 'Limo, Jawa Barat')"
JAWA BARAT_DEPOK_LIMO_MERUYUNG,11671,"(-6.376609999999971, 106.77055000000007, 'Meruyung, Limo, Jawa Barat')"
JAWA BARAT_TASIKMALAYA_TAWANG_LENGKONGSARI,10189,"(-7.3262999999999465, 108.23180000000008, 'Lengkongsari, Tawang, Tasikmalaya, Jawa Barat')"
JAWA BARAT_TASIKMALAYA_TAWANG_TAWANGSARI,3620,"(-7.323069999999973, 108.22153000000009, 'Tawangsari, Tawang, Tasikmalaya, Jawa Barat')"
JAWA BARAT_PURWAKARTA_PLERED_CIBOGOGIRANG,5282,"(-6.656589999999937, 107.38894000000005, 'Cibogo Girang, Plered, Jawa Barat')"
JAWA BARAT_PURWAKARTA_PLERED_LINGGARSARI,3107,"(-6.632599999999968, 107.37804000000006, 'Linggarsari, Plered, Jawa Barat')"
JAWA BARAT_SUBANG_SAGALAHERANG_DAYEUHKOLOT,3803,"(-6.670069999999953, 107.63772000000006, 'Dayeuhkolot, Sagalaherang, Jawa Barat')"
JAWA BARAT_CIREBON_HARJAMUKTI_KALIJAGA,22353,"(-6.756909999999948, 108.54818000000006, 'Kalijaga, Harjamukti, Cirebon, Jawa Barat')"
JAWA BARAT_BANDUNG_ANDIR_GARUDA,7239,"(-6.912429999999972, 107.57659000000007, 'Garuda, Andir, Bandung, Jawa Barat')"
JAWA BARAT_BANDUNG_KIARACONDONG_BABAKAN SURABAYA,13272,"(-6.917119999999954, 107.64822000000004, 'Babakan Surabaya, Kiaracondong, Bandung, Jawa Barat')"
JAWA BARAT_BANDUNG_LENGKONG_MALABAR,5854,"(-6.928049999999928, 107.61972000000009, 'Malabar, Lengkong, Bandung, Jawa Barat')"
JAWA BARAT_BEKASI_BEKASI TIMUR_MARGAHAYU,34153,"(-6.253219999999942, 107.01041000000004, 'Margahayu, Bekasi Timur, Bekasi, Jawa Barat')"
JAWA BARAT_BEKASI_BEKASI UTARA_KALIABANG TENGAH,51574,"(-6.188579999999945, 107.00303000000008, 'Kaliabang Tengah, Bekasi Utara, Bekasi, Jawa Barat')"
JAWA BARAT_BANDUNG_CIBIRU_PASIR BIRU,9802,"(-6.920559999999966, 107.72416000000004, 'Pasir Biru, Cibiru, Bandung, Jawa Barat')"
JAWA BARAT_BANDUNG_MANDALAJATI_PASIR IMPUN,8190,"(-6.8974999999999795, 107.67901000000006, 'Pasir Impun, Mandalajati, Bandung, Jawa Barat')"
JAWA BARAT_BANDUNG_PANYILEUKAN_CIPADUNG KIDUL,10254,"(-6.937949999999944, 107.71195000000006, 'Cipadung Kidul, Panyileukan, Bandung, Jawa Barat')"
JAWA BARAT_BANDUNG_PANYILEUKAN_CIPADUNG KULON,8653,"(-6.921899999999937, 107.70454000000007, 'Cipadung Kulon, Panyileukan, Bandung, Jawa Barat')"
JAWA BARAT_BANDUNG_PANYILEUKAN_CIPADUNG WETAN,2351,"(-6.932009999999934, 107.71291000000008, 'Cipadung Wetan, Panyileukan, Bandung, Jawa Barat')"
JAWA BARAT_BANDUNG_RANCASARI_CIPAMOKOLAN,14679,"(-6.946519999999964, 107.67540000000008, 'Cipamokolan, Rancasari, Bandung, Jawa Barat')"
JAWA BARAT_BANDUNG_RANCASARI_DERWATI,12074,"(-6.964849999999956, 107.68346000000008, 'Derwati, Rancasari, Bandung, Jawa Barat')"
JAWA BARAT_BANDUNG_RANCASARI_MAJAHLEGA,15085,"(-6.94724999999994, 107.66687000000007, 'Manjahlega, Rancasari, Bandung, Jawa Barat')"
JAWA BARAT_BANDUNG_RANCASARI_MEKARJAYA,11494,"(-6.9628099999999336, 107.66916000000003, 'Mekarjaya, Rancasari, Bandung, Jawa Barat')"
JAWA BARAT_BANDUNG_REGOL_ANCOL,8395,"(-6.937409999999943, 107.61611000000005, 'Ancol, Regol, Bandung, Jawa Barat')"
JAWA BARAT_BANDUNG_REGOL_BALONGGEDE,6326,"(-6.9243699999999535, 107.60675000000003, 'Balong Gede, Regol, Bandung, Jawa Barat')"
JAWA BARAT_BEKASI_SETU_RAGEMANUNGGAL,3998,"(-6.390009999999961, 107.01931000000008, 'Ragemanunggal, Setu, Bekasi, Jawa Barat')"
JAWA BARAT_CIMAHI_CIMAHI SELATAN_LEUWIGAJAH,29847,"(-6.905899999999974, 107.52767000000006, 'Leuwigajah, Cimahi Selatan, Jawa Barat')"
JAWA BARAT_CIMAHI_CIMAHI SELATAN_MELONG,43221,"(-6.92160999999993, 107.55774000000008, 'Melong, Cimahi Selatan, Jawa Barat')"
JAWA BARAT_DEPOK_SUKMAJAYA_BAKTIJAYA,37866,"(-6.379369999999938, 106.85012000000006, 'Bakti Jaya, Sukma Jaya, Jawa Barat')"
JAWA BARAT_TASIKMALAYA_INDIHIANG_INDIHIANG,5857,"(-7.2821199999999635, 108.18759000000006, 'Indihiang, Tasikmalaya, Jawa Barat')"
JAWA BARAT_TASIKMALAYA_INDIHIANG_PANYINGKIRAN,5784,"(-7.3055799999999635, 108.20672000000008, 'Panyingkiran, Indihiang, Tasikmalaya, Jawa Barat')"
JAWA BARAT_TASIKMALAYA_INDIHIANG_PARAKANNYASAG,6903,"(-7.301589999999976, 108.21988000000005, 'Parakannyasag, Indihiang, Tasikmalaya, Jawa Barat')"
JAWA BARAT_MAJALENGKA_LIGUNG_LEUWEUNG HAPIT,1879,"(-6.6527399999999375, 108.31083000000007, 'Leuweunghapit, Ligung, Jawa Barat')"
JAWA BARAT_MAJALENGKA_MAJALENGKA_BABAKAN JAWA,5102,"(-6.84332999999998, 108.23060000000004, 'Babakan Jawa, Majalengka, Jawa Barat')"
JAWA BARAT_SUBANG_CIASEM_CIASEMBARU,8937,"(-6.306069999999977, 107.68175000000008, 'Ciasem Baru, Ciasem, Jawa Barat')"
JAWA BARAT_SUBANG_CIASEM_CIASEMGIRANG,10563,"(-6.332719999999938, 107.67446000000007, 'Ciasem Girang, Ciasem, Jawa Barat')"
JAWA BARAT_KUNINGAN_CIGUGUR_CIGADUNG,4924,"(-6.9857999999999265, 108.46438000000006, 'Cigadung, Cigugur, Jawa Barat')"
JAWA BARAT_KUNINGAN_CIGUGUR_CIGUGUR,5795,"(-6.9580799999999385, 108.46747000000005, 'Cigugur, Jawa Barat')"
JAWA BARAT_CIREBON_WERU_MEGU CILIK,6175,"(-6.71814999999998, 108.49809000000005, 'Megu Cilik, Weru, Cirebon, Jawa Barat')"
JAWA BARAT_CIREBON_WERU_MEGU GEDE,6827,"(-6.722099999999955, 108.50069000000008, 'Megu Gede, Weru, Cirebon, Jawa Barat')"
JAWA BARAT_BANDUNG_CIMENYAN_CIBEUNYING,22259,"(-6.878529999999955, 107.63846000000007, 'Cibeunying, Cimenyan, Bandung, Jawa Barat')"
JAWA BARAT_INDRAMAYU_KEDOKAN BUNDER_KEDOKAN BUNDER,7015,"(-6.494969999999967, 108.40039000000007, 'Kedokan Bunder, Jawa Barat')"
JAWA BARAT_INDRAMAYU_KERTASEMAYA_LEMAH AYU,4225,"(-6.53013999999996, 108.38722000000007, 'Lemahayu, Kertasemaya, Jawa Barat')"
JAWA BARAT_INDRAMAYU_CIKEDUNG_CIKEDUNG,5467,"(-6.495309999999961, 108.18640000000005, 'Cikedung, Jawa Barat')"
JAWA BARAT_INDRAMAYU_GANTAR_BALERAJA,6230,"(-6.504899999999964, 107.92166000000009, 'Baleraja, Gantar, Jawa Barat')"
JAWA BARAT_BANDUNG BARAT_PADALARANG_TAGOG APU,7750,"(-6.8072199999999725, 107.48094000000003, 'Tagogapu, Padalarang, Jawa Barat')"
JAWA BARAT_BANDUNG BARAT_PARONGPONG_CIGUGUR GIRANG,10913,"(-6.829789999999946, 107.58586000000008, 'Cigugur Girang, Parongpong, Jawa Barat')"
JAWA BARAT_BANDUNG BARAT_PARONGPONG_CIHANJUANG RAHAYU,7520,"(-6.817909999999927, 107.57508000000007, 'Cihanjuang Rahayu, Parongpong, Jawa Barat')"
JAWA BARAT_BANDUNG_ASTANA ANYAR_NYENGSERET,8875,"(-6.930439999999976, 107.60257000000007, 'Nyengseret, Astana Anyar, Bandung, Jawa Barat')"
JAWA BARAT_BANDUNG_ASTANA ANYAR_PANJUNAN,5464,"(-6.928739999999948, 107.59747000000004, 'Panjunan, Astana Anyar, Bandung, Jawa Barat')"
JAWA BARAT_BANDUNG_ASTANA ANYAR_PELINDUNG HEWAN,14346,"(-6.940669999999955, 107.60371000000004, 'Pelindung Hewan, Astana Anyar, Bandung, Jawa Barat')"
JAWA BARAT_BANDUNG_BABAKAN CIPARAY_BABAKAN,18807,"(-7.083809999999971, 107.69032000000004, 'Babakan, Ciparay, Bandung, Jawa Barat')"
JAWA BARAT_BANDUNG_BABAKAN CIPARAY_BABAKAN CIPARAY,19612,"(-6.9389999999999645, 107.58057000000008, 'Babakan Ciparay, Bandung, Jawa Barat')"
JAWA BARAT_BANDUNG_BABAKAN CIPARAY_CIRANGRANG,6984,"(-6.954569999999933, 107.58629000000008, 'Cirangrang, Babakan Ciparay, Bandung, Jawa Barat')"
JAWA BARAT_BANDUNG_BABAKAN CIPARAY_MARGAHAYU UTARA,13001,"(-6.947169999999971, 107.57129000000003, 'Margahayu Utara, Babakan Ciparay, Bandung, Jawa Barat')"
JAWA BARAT_BANDUNG_BABAKAN CIPARAY_MARGASUKA,7534,"(-6.952159999999935, 107.57165000000003, 'Margasuka, Babakan Ciparay, Bandung, Jawa Barat')"
JAWA BARAT_BANDUNG_BABAKAN CIPARAY_SUKAHAJI,18734,"(-6.923469999999952, 107.58391000000006, 'Sukahaji, Babakan Ciparay, Bandung, Jawa Barat')"
JAWA BARAT_BEKASI_TAMBUN SELATAN_JATIMULYA,47924,"(-6.263189999999952, 107.02369000000004, 'Jatimulya, Tambun Selatan, Bekasi, Jawa Barat')"
JAWA BARAT_BANDUNG_UJUNG BERUNG_PASIRJATI,10604,"(-6.899109999999951, 107.71122000000008, 'Pasirjati, Ujung Berung, Bandung, Jawa Barat')"
JAWA BARAT_BANDUNG_UJUNG BERUNG_PASIRWANGI,10100,"(-6.900129999999933, 107.70705000000004, 'Pasir Wangi, Ujung Berung, Bandung, Jawa Barat')"
JAWA BARAT_BEKASI_PONDOK MELATI_JATIMURNI,16504,"(-6.32720999999998, 106.93034000000006, 'Jatimurni, Pondok Melati, Bekasi, Jawa Barat')"
JAWA BARAT_BEKASI_PONDOK MELATI_JATIRAHAYU,39219,"(-6.293639999999925, 106.92267000000004, 'Jatirahayu, Pondok Melati, Bekasi, Jawa Barat')"
JAWA BARAT_BEKASI_PONDOK MELATI_JATIWARNA,14260,"(-6.304229999999961, 106.93211000000008, 'Jatiwarna, Pondok Melati, Bekasi, Jawa Barat')"
JAWA BARAT_BEKASI_JATIASIH_JATIRASA,25750,"(-6.296169999999961, 106.96912000000003, 'Jatirasa, Jatiasih, Bekasi, Jawa Barat')"
JAWA BARAT_BEKASI_JATIASIH_JATISARI,19999,"(-6.337199999999939, 106.94539000000009, 'Jatisari, Jatiasih, Bekasi, Jawa Barat')"
JAWA BARAT_BEKASI_JATISAMPURNA_JATIKARYA,8301,"(-6.386009999999942, 106.91489000000007, 'Jatikarya, Jatisampurna, Bekasi, Jawa Barat')"
JAWA BARAT_BEKASI_JATISAMPURNA_JATIRADEN,11086,"(-6.353729999999928, 106.92357000000004, 'Jatiraden, Jatisampurna, Bekasi, Jawa Barat')"
JAWA BARAT_BEKASI_JATISAMPURNA_JATIRANGGA,8811,"(-6.361729999999966, 106.93855000000008, 'Jatirangga, Jatisampurna, Bekasi, Jawa Barat')"
JAWA BARAT_BANDUNG_MANDALAJATI_SINDANG JAYA,9592,"(-6.901179999999954, 107.68466000000006, 'Sindang Jaya, Mandalajati, Bandung, Jawa Barat')"
JAWA BARAT_BANDUNG_PANYILEUKAN_MEKAR MULYA,4933,"(-6.927739999999972, 107.70230000000004, 'Mekar Mulya, Panyileukan, Bandung, Jawa Barat')"
JAWA BARAT_KUNINGAN_CIGUGUR_CIPARI,3206,"(-6.956839999999943, 108.46810000000005, 'Cipari, Cigugur, Jawa Barat')"
JAWA BARAT_INDRAMAYU_KEDOKAN BUNDER_KEDOKANBUNDER WETAN,6312,"(-6.513889999999947, 108.42730000000006, 'Kedokanbunder Wetan, Kedokan Bunder, Jawa Barat')"
JAWA BARAT_BEKASI_PONDOK MELATI_JATIMELATI,12504,"(-6.315449999999942, 106.93217000000004, 'Jatimelati, Pondok Melati, Bekasi, Jawa Barat')"
JAWA BARAT_KARAWANG_PURWASARI_TEGAL SARI,3229,"(-6.365959999999973, 107.42460000000005, 'Tegalsari, Purwasari, Jawa Barat')"
JAWA BARAT_BANDUNG_CIDADAP_LEDENG,7445,"(-6.853899999999953, 107.59741000000008, 'Ledeng, Cidadap, Bandung, Jawa Barat')"
JAWA BARAT_BANDUNG_CINAMBO_BABAKAN PENGHULU,4800,"(-6.937179999999955, 107.68899000000005, 'Babakan Penghulu, Cinambo, Bandung, Jawa Barat')"
JAWA BARAT_BANDUNG_CINAMBO_CISARANTEN WETAN,3824,"(-6.922979999999939, 107.68786000000006, 'Cisaranten Wetan, Cinambo, Bandung, Jawa Barat')"
JAWA BARAT_BANDUNG_CINAMBO_SUKAMULYA,3536,"(-6.917159999999967, 107.69993000000005, 'Sukamulya, Cinambo, Bandung, Jawa Barat')"
JAWA BARAT_BANDUNG_COBLONG_CIPAGANTI,8581,"(-6.8916999999999575, 107.60449000000006, 'Cipaganti, Coblong, Bandung, Jawa Barat')"
JAWA BARAT_BANDUNG_COBLONG_DAGO,24036,"(-6.871999999999957, 107.61795000000006, 'Dago, Coblong, Bandung, Jawa Barat')"
JAWA BARAT_CIANJUR_HAURWANGI_SUKATANI,5323,"(-6.84964999999994, 107.30308000000008, 'Sukatani, Haurwangi, Jawa Barat')"
JAWA BARAT_SUBANG_CIASEM_CIASEMHILIR,7406,"(-6.311609999999973, 107.70784000000003, 'Ciasem Hilir, Ciasem, Jawa Barat')"
JAWA BARAT_SUBANG_CIASEM_SUKAMANDI JAYA,16834,"(-6.346159999999941, 107.66326000000004, 'Sukamandijaya, Ciasem, Jawa Barat')"
JAWA BARAT_BOGOR_CIBINONG_CIBINONG,16533,"(-6.491209999999967, 106.84501000000006, 'Cibinong, Bogor, Jawa Barat')"
JAWA BARAT_BOGOR_CIBINONG_CIRIMEKAR,8837,"(-6.466989999999953, 106.85713000000004, 'Cirimekar, Cibinong, Bogor, Jawa Barat')"
JAWA BARAT_BOGOR_CIBINONG_CIRIUNG,19307,"(-6.469769999999926, 106.86072000000007, 'Ciriung, Cibinong, Bogor, Jawa Barat')"
JAWA BARAT_BOGOR_CIBINONG_HARAPANJAYA,16482,"(-6.464869999999962, 106.83956000000006, 'Harapan Jaya, Cibinong, Bogor, Jawa Barat')"
JAWA BARAT_MAJALENGKA_TALAGA_KERTARAHAYU,727,"(-6.978149999999971, 108.29431000000005, 'Talaga, Jawa Barat')"
JAWA BARAT_SUBANG_CIPEUNDUEY_WANTILAN,6823,"(-6.501009999999951, 107.60206000000005, 'Wantilan, Cipeundeuy, Jawa Barat')"
JAWA BARAT_CIAMIS_RANCAH_JANGGALAHARJA,1147,"(-7.225629999999967, 108.49610000000007, 'Rancah, Jawa Barat')"
JAWA BARAT_BEKASI_BEKASI TIMUR_BEKASI JAYA,34177,"(-6.2328299999999786, 107.01260000000008, 'Bekasi Jaya, Bekasi Timur, Bekasi, Jawa Barat')"
JAWA BARAT_BEKASI_BEKASI TIMUR_DUREN JAYA,42041,"(-6.234729999999956, 107.02494000000007, 'Duren Jaya, Bekasi Timur, Bekasi, Jawa Barat')"
JAWA BARAT_BOGOR_BOGOR TIMUR_SINDANGSARI,6291,"(-6.648409999999956, 106.84321000000006, 'Sindangsari, Bogor Timur, Bogor, Jawa Barat')"
JAWA BARAT_BOGOR_BOGOR TIMUR_SUKASARI,8840,"(-6.6124399999999355, 106.80839000000009, 'Sukasari, Bogor Timur, Bogor, Jawa Barat')"
JAWA BARAT_BOGOR_BOGOR TIMUR_TAJUR,4665,"(-6.6319599999999355, 106.82613000000003, 'Tajur, Bogor Timur, Bogor, Jawa Barat')"
JAWA BARAT_BOGOR_BOGOR UTARA_BANTARJATI,16885,"(-6.5732699999999795, 106.81174000000004, 'Bantarjati, Bogor Utara, Bogor, Jawa Barat')"
JAWA BARAT_CIANJUR_CIANJUR_SAYANG,22755,"(-6.8293599999999515, 107.14459000000005, 'Sayang, Cianjur, Jawa Barat')"
JAWA BARAT_CIANJUR_CIANJUR_SOLOKPANDAN,8582,"(-6.818789999999979, 107.14480000000009, 'Solokpandan, Cianjur, Jawa Barat')"
JAWA BARAT_PURWAKARTA_BABAKANCIKAO_MARACANG,5818,"(-6.520089999999925, 107.43272000000007, 'Maracang, Babakancikao, Jawa Barat')"
JAWA BARAT_PURWAKARTA_BOJONG_BOJONGBARAT,2387,"(-6.709809999999948, 107.50432000000006, 'Bojong Barat, Bojong, Jawa Barat')"
JAWA BARAT_CIREBON_PASALEMAN_TANJUNG ANOM,3325,"(-6.915629999999965, 108.73956000000004, 'Pasaleman, Cirebon, Jawa Barat')"
JAWA BARAT_CIREBON_PLERED_CANGKRING,4113,"(-6.6702699999999595, 108.50454000000008, 'Cangkring, Plered, Cirebon, Jawa Barat')"
JAWA BARAT_GARUT_GARUT KOTA_CIMUNCANG,6970,"(-7.2327699999999595, 107.91979000000003, 'Cimuncang, Garut Kota, Jawa Barat')"
JAWA BARAT_BOGOR_SUKARAJA_PASIR LAJA,8862,"(-6.548779999999965, 106.83671000000004, 'Pasirlaja, Sukaraja, Bogor, Jawa Barat')"
JAWA BARAT_TASIKMALAYA_MANGKUBUMI_KARIKIL,6004,"(-7.359119999999962, 108.17355000000003, 'Karikil, Mangkubumi, Tasikmalaya, Jawa Barat')"
JAWA BARAT_TASIKMALAYA_MANGKUBUMI_LINGGAJAYA,12395,"(-7.332009999999968, 108.19366000000008, 'Linggajaya, Mangkubumi, Tasikmalaya, Jawa Barat')"
JAWA BARAT_MAJALENGKA_CINGAMBUL_CIMANGGU GIRANG,1687,"(-7.032009999999957, 108.35287000000005, 'Cimanggugirang, Cingambul, Jawa Barat')"
JAWA BARAT_SUKABUMI_BAROS_JAYAMEKAR,3597,"(-6.9619299999999384, 106.92467000000005, 'Jayamekar, Baros, Sukabumi, Jawa Barat')"
JAWA BARAT_SUKABUMI_BAROS_JAYARAKSA,4911,"(-6.956659999999943, 106.93351000000007, 'Jayaraksa, Baros, Sukabumi, Jawa Barat')"
JAWA BARAT_SUKABUMI_BAROS_SUDAJAYAHILIR,4390,"(-6.96151999999995, 106.92145000000005, 'Sudajaya Hilir, Baros, Sukabumi, Jawa Barat')"
JAWA BARAT_SUKABUMI_CIBEUREUM_BABAKAN,6462,"(-6.936959999999942, 106.95619000000005, 'Babakan, Cibeureum, Sukabumi, Jawa Barat')"
JAWA BARAT_SUKABUMI_CIBEUREUM_CIBEUREUM HILIR,9203,"(-6.926129999999944, 106.94633000000005, 'Cibeureum Hilir, Cibeureum, Sukabumi, Jawa Barat')"
JAWA BARAT_SUKABUMI_CIBEUREUM_LIMUSNUNGGAL,7845,"(-6.946479999999951, 106.94223000000005, 'Limusnunggal, Cibeureum, Sukabumi, Jawa Barat')"
JAWA BARAT_SUKABUMI_CIBEUREUM_SINDANGPALAY,5032,"(-6.953209999999956, 106.94858000000005, 'Sindangpalay, Cibeureum, Sukabumi, Jawa Barat')"
JAWA BARAT_SUKABUMI_CIKOLE_CIKOLE,4032,"(-6.913409999999942, 106.93741000000006, 'Cikole, Sukabumi, Jawa Barat')"
JAWA BARAT_MAJALENGKA_ARGAPURA_HEUBEUL ISUK,1025,"(-6.85761999999994, 108.31694000000005, 'Heubeulisuk, Argapura, Jawa Barat')"
JAWA BARAT_BANDUNG_CINAMBO_PAKEMITAN,3580,"(-6.915779999999927, 107.69269000000008, 'Pakemitan, Cinambo, Bandung, Jawa Barat')"
JAWA BARAT_BEKASI_BEKASI UTARA_MARGA MULYA,12981,"(-6.224769999999978, 107.00114000000008, 'Marga Mulya, Bekasi Utara, Bekasi, Jawa Barat')"
JAWA BARAT_BEKASI_BEKASI UTARA_PERWIRA,20576,"(-6.205979999999954, 107.01355000000007, 'Perwira, Bekasi Utara, Bekasi, Jawa Barat')"
JAWA BARAT_PURWAKARTA_BOJONG_BOJONGTIMUR,2898,"(-6.7313850073755646, 107.51823496889241, 'Jalan Bojong Timur, Bojong, Jawa Barat, 41164')"
JAWA BARAT_GARUT_GARUT KOTA_CIWALEN,5380,"(-7.214109999999948, 107.90885000000009, 'Ciwalen, Garut Kota, Jawa Barat')"
JAWA BARAT_GARUT_GARUT KOTA_KOTA KULON,14107,"(-7.226449999999943, 107.91114000000005, 'Kotakulon, Garut Kota, Jawa Barat')"
JAWA BARAT_PURWAKARTA_PURWAKARTA_NAGRIKALER,15846,"(-6.5569399999999405, 107.44333000000006, 'Purwakarta, Jawa Barat')"
JAWA BARAT_PURWAKARTA_PURWAKARTA_NAGRIKIDUL,10293,"(-6.563140010257783, 107.45073998693877, 'Jalan Nagri Kidul, Purwakarta, Jawa Barat, 41111')"
JAWA BARAT_PURWAKARTA_PURWAKARTA_NAGRITENGAH,7347,"(-6.5569399999999405, 107.44333000000006, 'Purwakarta, Jawa Barat')"
JAWA BARAT_PURWAKARTA_PURWAKARTA_PURWAMEKAR,6174,"(-6.529259999999965, 107.43337000000008, 'Purwamekar, Purwakarta, Jawa Barat')"
JAWA BARAT_PURWAKARTA_PURWAKARTA_SINDANGKASIH,12900,"(-6.5606599999999275, 107.44113000000004, 'Sindangkasih, Purwakarta, Jawa Barat')"
JAWA BARAT_PURWAKARTA_PURWAKARTA_TEGALMUNJUL,10403,"(-6.546239999999955, 107.44887000000006, 'Tegalmunjul, Purwakarta, Jawa Barat')"
JAWA BARAT_PURWAKARTA_SUKATANI_CIANTINGUTARA,1997,"(-6.628239999999948, 107.40411000000006, 'Cianting Utara, Sukatani, Jawa Barat')"
JAWA BARAT_CIREBON_SUMBER_BABAKAN,2835,"(-6.773449999999968, 108.48313000000007, 'Babakan, Sumber, Cirebon, Jawa Barat')"
JAWA BARAT_CIREBON_SUMBER_GEGUNUNG,3453,"(-6.749269999999967, 108.49842000000007, 'Gegunung, Sumber, Cirebon, Jawa Barat')"
JAWA BARAT_CIREBON_SUMBER_KALIWADAS,5542,"(-6.747109999999964, 108.48233000000005, 'Kaliwadas, Sumber, Cirebon, Jawa Barat')"
JAWA BARAT_CIREBON_SUMBER_KEMANTREN,3188,"(-6.758559999999932, 108.49389000000008, 'Kemantren, Sumber, Cirebon, Jawa Barat')"
JAWA BARAT_CIREBON_SUMBER_KENANGA,5819,"(-6.75709999999998, 108.46716000000004, 'Kenanga, Sumber, Cirebon, Jawa Barat')"
JAWA BARAT_CIREBON_SUMBER_PASALAKAN,5719,"(-6.739619999999945, 108.48286000000007, 'Pasalakan, Sumber, Cirebon, Jawa Barat')"
JAWA BARAT_BOGOR_BOGOR BARAT_MENTENG,11688,"(-6.581559999999968, 106.78110000000004, 'Menteng, Bogor Barat, Bogor, Jawa Barat')"
JAWA BARAT_BOGOR_BOGOR BARAT_PASIR JAYA,13697,"(-6.6106699999999705, 106.79268000000008, 'Pasirjaya, Bogor Barat, Bogor, Jawa Barat')"
JAWA BARAT_BOGOR_BOGOR BARAT_PASIR KUDA,10614,"(-6.60567999999995, 106.78594000000004, 'Pasirkuda, Bogor Barat, Bogor, Jawa Barat')"
JAWA BARAT_BOGOR_BOGOR BARAT_PASIR MULYA,3860,"(-6.598179999999957, 106.77564000000007, 'Pasirmulya, Bogor Barat, Bogor, Jawa Barat')"
JAWA BARAT_BOGOR_BOGOR BARAT_SEMPLAK,7708,"(-6.556679999999972, 106.76188000000008, 'Semplak, Bogor Barat, Bogor, Jawa Barat')"
JAWA BARAT_BOGOR_BOGOR BARAT_SINDANG BARANG,11524,"(-6.575649999999939, 106.76187000000004, 'Sindangbarang, Bogor Barat, Bogor, Jawa Barat')"
JAWA BARAT_BOGOR_BOGOR BARAT_SITU GEDE,7227,"(-6.553139999999928, 106.74513000000007, 'Situgede, Bogor Barat, Bogor, Jawa Barat')"
JAWA BARAT_DEPOK_CIMANGGIS_CISALAK PASAR,16022,"(-6.374879999999962, 106.87376000000006, 'Cisalak Pasar, Cimanggis, Jawa Barat')"
JAWA BARAT_DEPOK_CIMANGGIS_CURUG,14774,"(-6.3863399999999615, 106.87146000000007, 'Curug, Cimanggis, Jawa Barat')"
JAWA BARAT_INDRAMAYU_HAURGEULIS_SIDADADI,4708,"(-6.418029999999931, 107.96279000000004, 'Sidadadi, Haurgeulis, Jawa Barat')"
JAWA BARAT_INDRAMAYU_INDRAMAYU_KARANGANYAR,2585,"(-6.338069999999959, 108.33333000000005, 'Karanganyar, Indramayu, Jawa Barat')"
JAWA BARAT_INDRAMAYU_INDRAMAYU_KARANGMALANG,2483,"(-6.342439999999954, 108.33067000000005, 'Karangmalang, Indramayu, Jawa Barat')"
JAWA BARAT_INDRAMAYU_INDRAMAYU_KEPANDEAN,2242,"(-6.345019999999977, 108.32346000000007, 'Kepandean, Indramayu, Jawa Barat')"
JAWA BARAT_INDRAMAYU_INDRAMAYU_LEMAH ABANG,2855,"(-6.329809999999952, 108.32799000000006, 'Lemahabang, Indramayu, Jawa Barat')"
JAWA BARAT_INDRAMAYU_INDRAMAYU_LEMAH MEKAR,5901,"(-6.334199999999953, 108.33271000000008, 'Lemahmekar, Indramayu, Jawa Barat')"
JAWA BARAT_INDRAMAYU_LELEA_TEMPEL KULON,2092,"(-6.449579999999969, 108.20523000000009, 'Tempelkulon, Lelea, Jawa Barat')"
JAWA BARAT_BANDUNG_ANDIR_CAMPAKA,12497,"(-6.901789999999949, 107.56624000000005, 'Campaka, Andir, Bandung, Jawa Barat')"
JAWA BARAT_BANDUNG_ANDIR_CIROYOM,13582,"(-6.915069999999957, 107.58858000000004, 'Ciroyom, Andir, Bandung, Jawa Barat')"
JAWA BARAT_BANDUNG_ANDIR_DUNGUS CARIANG,13392,"(-6.911229999999932, 107.57964000000004, 'Dungus Cariang, Andir, Bandung, Jawa Barat')"
JAWA BARAT_BANDUNG_CIBEUNYING KIDUL_PADASUKA,12101,"(-6.904209999999978, 107.64396000000005, 'Padasuka, Cibeunying Kidul, Bandung, Jawa Barat')"
JAWA BARAT_BANDUNG_CIBEUNYING KIDUL_PASIRLAYUNG,15140,"(-6.8953599999999255, 107.65631000000008, 'Pasirlayung, Cibeunying Kidul, Bandung, Jawa Barat')"
JAWA BARAT_BANDUNG_CIBEUNYING KIDUL_SUKAMAJU,7956,"(-6.907679999999971, 107.63346000000007, 'Sukamaju, Cibeunying Kidul, Bandung, Jawa Barat')"
JAWA BARAT_BANDUNG_CIBEUNYING KIDUL_SUKAPADA,14685,"(-6.894659999999931, 107.64779000000004, 'Sukapada, Cibeunying Kidul, Bandung, Jawa Barat')"
JAWA BARAT_BANDUNG_CIBIRU_CIPADUNG,13958,"(-6.923449999999946, 107.71976000000006, 'Cipadung, Cibiru, Bandung, Jawa Barat')"
JAWA BARAT_KUNINGAN_CIBINGBIN_CIPONDOK,3005,"(-7.059489999999926, 108.76829000000004, 'Cibingbin, Jawa Barat')"
JAWA BARAT_MAJALENGKA_MAJALENGKA_CIJATI,3582,"(-6.82923999999997, 108.21012000000007, 'Cijati, Majalengka, Jawa Barat')"
JAWA BARAT_MAJALENGKA_MAJALENGKA_MAJALENGKA KULON,8067,"(-6.834109999999953, 108.22064000000006, 'Majalengka Kulon, Majalengka, Jawa Barat')"
JAWA BARAT_MAJALENGKA_MAJALENGKA_MAJALENGKA WETAN,6353,"(-6.834439999999972, 108.23742000000004, 'Majalengka Wetan, Majalengka, Jawa Barat')"
JAWA BARAT_MAJALENGKA_MAJALENGKA_MUNJUL,2912,"(-6.832289999999944, 108.20753000000008, 'Munjul, Majalengka, Jawa Barat')"
JAWA BARAT_CIREBON_GEBANG_KALIMARO,2296,"(-6.837019999999939, 108.71312000000006, 'Kalimaro, Gebang, Cirebon, Jawa Barat')"
JAWA BARAT_CIREBON_GEBANG_PLAYANGAN,3461,"(-6.8250999999999635, 108.74524000000008, 'Pelayangan, Gebang, Cirebon, Jawa Barat')"
JAWA BARAT_BANDUNG_SUKASARI_ISOLA,9535,"(-6.856559999999945, 107.59189000000003, 'Isola, Sukasari, Bandung, Jawa Barat')"
JAWA BARAT_BANDUNG_SUKASARI_SARIJADI,18268,"(-6.875529999999969, 107.57804000000004, 'Sarijadi, Sukasari, Bandung, Jawa Barat')"
JAWA BARAT_BANDUNG_SUKASARI_SUKARASA,8890,"(-6.875569999999925, 107.58428000000004, 'Sukarasa, Sukasari, Bandung, Jawa Barat')"
JAWA BARAT_BANDUNG_SUMUR BANDUNG_BABAKAN CIAMIS,5719,"(-6.911539999999945, 107.60739000000007, 'Babakan Ciamis, Sumur Bandung, Bandung, Jawa Barat')"
JAWA BARAT_BANDUNG_SUMUR BANDUNG_BRAGA,4739,"(-6.917899999999975, 107.60918000000004, 'Braga, Sumur Bandung, Bandung, Jawa Barat')"
JAWA BARAT_BANDUNG_SUMUR BANDUNG_KEBON PISANG,9004,"(-6.920569999999941, 107.61456000000004, 'Kebon Pisang, Sumur Bandung, Bandung, Jawa Barat')"
JAWA BARAT_BANDUNG_SUMUR BANDUNG_MERDEKA,5418,"(-6.91274999999996, 107.62216000000006, 'Merdeka, Sumur Bandung, Bandung, Jawa Barat')"
JAWA BARAT_BANDUNG_UJUNG BERUNG_CIGENDING,10558,"(-6.910159999999962, 107.69663000000008, 'Cigending, Ujung Berung, Bandung, Jawa Barat')"
JAWA BARAT_BANDUNG_UJUNG BERUNG_PASANGGRAHAN,12888,"(-6.908999999999935, 107.71447000000006, 'Pasanggrahan, Ujung Berung, Bandung, Jawa Barat')"
JAWA BARAT_BANDUNG_UJUNG BERUNG_PASIR ENDAH,10464,"(-6.904819999999972, 107.69072000000006, 'Pasir Endah, Ujung Berung, Bandung, Jawa Barat')"
JAWA BARAT_CIAMIS_BANJARANYAR_TANJUNGASARI,2738,"(-7.509979999999928, 108.58297000000005, 'Tanjungsari, Banjaranyar, Jawa Barat')"
JAWA BARAT_PURWAKARTA_DARANGDAN_LINGGASARI,2996,"(-6.6969799999999395, 107.45760000000007, 'Linggasari, Darangdan, Jawa Barat')"
JAWA BARAT_BANDUNG_CIBEUNYING KIDUL_CIKUTRA,15497,"(-6.900089999999977, 107.63704000000007, 'Cikutra, Cibeunying Kidul, Bandung, Jawa Barat')"
JAWA BARAT_BANDUNG_CIBIRU_CISURUPAN,8550,"(-6.910339999999962, 107.72267000000005, 'Cisurupan, Cibiru, Bandung, Jawa Barat')"
JAWA BARAT_MAJALENGKA_MAJALENGKA_CICURUG,4808,"(-6.844979999999964, 108.24106000000006, 'Cicurug, Majalengka, Jawa Barat')"
JAWA BARAT_MAJALENGKA_MAJALENGKA_CIKASARUNG,2285,"(-6.8156099999999356, 108.22426000000007, 'Cikasarung, Majalengka, Jawa Barat')"
JAWA BARAT_SUBANG_PURWADADI_PARAPATAN,4570,"(-6.450799999999958, 107.71451000000008, 'Parapatan, Purwadadi, Jawa Barat')"
JAWA BARAT_INDRAMAYU_INDRAMAYU_BOJONGSARI,3948,"(-6.348079999999925, 108.31917000000004, 'Bojongsari, Indramayu, Jawa Barat')"
JAWA BARAT_GARUT_TAROGONG KALER_PANANJUNG,6660,"(-7.177089999999964, 107.87805000000009, 'Pananjung, Tarogong Kaler, Jawa Barat')"
JAWA BARAT_GARUT_TAROGONG KIDUL_JAYAWARAS,7195,"(-7.209569999999928, 107.88850000000008, 'Jayawaras, Tarogong Kidul, Jawa Barat')"
JAWA BARAT_BEKASI_BANTAR GEBANG_BANTARGEBANG,21584,"(-6.3160499999999615, 106.98425000000009, 'Bantargebang, Bekasi, Jawa Barat')"
JAWA BARAT_BEKASI_BANTAR GEBANG_CIKIWUL,13367,"(-6.33911999999998, 106.99052000000006, 'Cikiwul, Bantargebang, Bekasi, Jawa Barat')"
JAWA BARAT_BEKASI_BANTAR GEBANG_SUMUR BATU,11170,"(-6.344199999999944, 107.00616000000008, 'Sumur Batu, Bantargebang, Bekasi, Jawa Barat')"
JAWA BARAT_BEKASI_CIKARANG BARAT_TELAGA ASIH,14063,"(-6.2654399999999555, 107.09746000000007, 'Telaga Asih, Cikarang Barat, Bekasi, Jawa Barat')"
JAWA BARAT_BANJAR_PATARUMAN_HEGARSARI,10541,"(-7.381809999999973, 108.54302000000007, 'Hegarsari, Pataruman, Jawa Barat')"
JAWA BARAT_BANJAR_PATARUMAN_PATARUMAN,11314,"(-7.392229999999927, 108.54045000000008, 'Pataruman, Jawa Barat')"
JAWA BARAT_BANJAR_PURWAHARJA_KARANGPANIMBAL,3245,"(-7.36531999999994, 108.55663000000004, 'Karangpanimbal, Purwaharja, Jawa Barat')"
JAWA BARAT_BOGOR_BOGOR BARAT_CURUG MEKAR,8834,"(-6.558589999999981, 106.76963000000006, 'Curugmekar, Bogor Barat, Bogor, Jawa Barat')"
JAWA BARAT_BOGOR_BOGOR BARAT_GUNUNG BATU,13125,"(-6.591629999999952, 106.77584000000007, 'Gunung Batu')"
JAWA BARAT_BOGOR_BOGOR BARAT_LOJI,9924,"(-6.584689999999966, 106.77087000000006, 'Loji, Bogor Barat, Bogor, Jawa Barat')"
JAWA BARAT_BANDUNG_BUAHBATU_CIJAWURA,18218,"(-6.959074985682534, 107.65945997911481, 'Jalan Cijawura, Buahbatu, Bandung, Jawa Barat, 40286')"
JAWA BARAT_BEKASI_BEKASI BARAT_JAKA SAMPURNA,45297,"(-6.242279999999937, 106.96855000000005, 'Jaka Sampurna, Bekasi Barat, Bekasi, Jawa Barat')"
JAWA BARAT_BEKASI_BEKASI BARAT_KOTA BARU,28860,"(-6.2165299999999775, 106.97037000000006, 'Kota Baru, Bekasi Barat, Bekasi, Jawa Barat')"
JAWA BARAT_BANDUNG_BUAHBATU_JATISARI,6211,"(-6.93542999999994, 107.66207000000009, 'Jati Sari, Buahbatu, Bandung, Jawa Barat')"
JAWA BARAT_BANDUNG_BUAHBATU_MARGASARI,24453,"(-6.954129999999964, 107.65600000000006, 'Margasari, Buahbatu, Bandung, Jawa Barat')"
JAWA BARAT_BEKASI_CIBARUSAH_SIRNA JATI,6897,"(-6.4434799999999655, 107.09718000000004, 'Sirnajati, Cibarusah, Bekasi, Jawa Barat')"
JAWA BARAT_DEPOK_SUKMAJAYA_TIRTAJAYA,11805,"(-6.4175899999999615, 106.82705000000004, 'Tirtajaya, Sukma Jaya, Jawa Barat')"
JAWA BARAT_DEPOK_TAPOS_CILANGKAP,31754,"(-6.431239999999946, 106.86811000000006, 'Cilangkap, Tapos, Jawa Barat')"
JAWA BARAT_DEPOK_TAPOS_CIMPAEUN,14745,"(-6.443519999999978, 106.87344000000007, 'Cimpaeun, Tapos, Jawa Barat')"
JAWA BARAT_BOGOR_CIJERUK_TANJUNG SARI,3911,"(-6.678309999999954, 106.79126000000008, 'Tanjung Sari, Cijeruk, Bogor, Jawa Barat')"
JAWA BARAT_BEKASI_BEKASI TIMUR_AREN JAYA,39757,"(-6.242659999999944, 107.03387000000004, 'Aren Jaya, Bekasi Timur, Bekasi, Jawa Barat')"
JAWA BARAT_BOGOR_BOGOR TENGAH_BABAKAN,5350,"(-6.5888499999999794, 106.80580000000003, 'Babakan, Bogor Tengah, Bogor, Jawa Barat')"
JAWA BARAT_BOGOR_BOGOR TENGAH_BABAKAN PASAR,8044,"(-6.60505999999998, 106.80247000000008, 'Babakanpasar, Bogor Tengah, Bogor, Jawa Barat')"
JAWA BARAT_BOGOR_BOGOR TENGAH_CIBOGOR,5133,"(-6.590689999999938, 106.79178000000007, 'Cibogor, Bogor Tengah, Bogor, Jawa Barat')"
JAWA BARAT_BOGOR_BOGOR TENGAH_CIWARINGIN,5603,"(-6.5828899999999635, 106.79010000000005, 'Ciwaringin, Bogor Tengah, Bogor, Jawa Barat')"
JAWA BARAT_BOGOR_BOGOR TENGAH_KEBON KALAPA,7740,"(-6.591119999999933, 106.78525000000008, 'Kebonkelapa, Bogor Tengah, Bogor, Jawa Barat')"
JAWA BARAT_BOGOR_BOGOR TENGAH_PABATON,2357,"(-6.588619999999935, 106.79408000000006, 'Pabaton, Bogor Tengah, Bogor, Jawa Barat')"
JAWA BARAT_BOGOR_BOGOR TENGAH_PALEDANG,7714,"(-6.597919999999931, 106.79562000000004, 'Paledang, Bogor Tengah, Bogor, Jawa Barat')"
JAWA BARAT_BOGOR_BOGOR TENGAH_PANARAGAN,4855,"(-6.596419999999966, 106.78489000000008, 'Panaragan, Bogor Tengah, Bogor, Jawa Barat')"
JAWA BARAT_BEKASI_PEBAYURAN_KERTASARI,6739,"(-6.210679999999968, 107.29167000000007, 'Kertasari, Pebayuran, Bekasi, Jawa Barat')"
JAWA BARAT_BANDUNG_ARCAMANIK_CISARANTEN KULON,14468,"(-6.925619999999981, 107.68098000000003, 'Cisaranten Kulon, Arcamanik, Bandung, Jawa Barat')"
JAWA BARAT_BANDUNG_ARCAMANIK_SUKAMISKIN,15105,"(-6.908979999999929, 107.67283000000003, 'Sukamiskin, Arcamanik, Bandung, Jawa Barat')"
JAWA BARAT_BANDUNG_ASTANA ANYAR_KARANGANYAR,5307,"(-6.923539999999946, 107.60117000000008, 'Karang Anyar, Astana Anyar, Bandung, Jawa Barat')"
JAWA BARAT_BANDUNG_ASTANA ANYAR_KARASAK,9619,"(-6.949809999999957, 107.60832000000005, 'Karasak, Astana Anyar, Bandung, Jawa Barat')"
JAWA BARAT_BANDUNG_COBLONG_LEBAK SILIWANGI,2822,"(-6.891759999999977, 107.60806000000008, 'Lebak Siliwangi, Coblong, Bandung, Jawa Barat')"
JAWA BARAT_BANDUNG_COBLONG_LEBAKGEDE,7662,"(-6.893009999999947, 107.61799000000008, 'Lebak Gede, Coblong, Bandung, Jawa Barat')"
JAWA BARAT_BANDUNG_COBLONG_SADANGSERANG,18138,"(-6.891809999999964, 107.62787000000009, 'Sadang Serang, Coblong, Bandung, Jawa Barat')"
JAWA BARAT_BANDUNG_COBLONG_SEKELOA,19595,"(-6.885059999999953, 107.61896000000007, 'Sekeloa, Coblong, Bandung, Jawa Barat')"
JAWA BARAT_BANJAR_PURWAHARJA_PURWAHARJA,5854,"(-7.358499999999935, 108.57032000000004, 'Purwaharja, Jawa Barat')"
JAWA BARAT_BEKASI_BANTAR GEBANG_CIKETING UDIK,11663,"(-6.353749999999934, 106.98874000000006, 'Ciketingudik, Bantargebang, Bekasi, Jawa Barat')"
JAWA BARAT_BOGOR_BOGOR BARAT_CILENDEK TIMUR,11428,"(-6.574579999999969, 106.77840000000003, 'Cilendek Timur, Bogor Barat, Bogor, Jawa Barat')"
JAWA BARAT_BOGOR_BOGOR BARAT_CURUG,8380,"(-6.546489999999949, 106.76614000000006, 'Curug, Bogor Barat, Bogor, Jawa Barat')"
JAWA BARAT_BOGOR_BOGOR BARAT_MARGAJAYA,4239,"(-6.570809999999938, 106.74534000000006, 'Margajaya, Bogor Barat, Bogor, Jawa Barat')"
JAWA BARAT_BOGOR_BOGOR TENGAH_SEMPUR,6133,"(-6.588769999999954, 106.79807000000005, 'Sempur, Bogor Tengah, Bogor, Jawa Barat')"
JAWA BARAT_BANDUNG_ASTANA ANYAR_CIBADAK,9923,"(-6.922919999999976, 107.59558000000004, 'Cibadak, Astana Anyar, Bandung, Jawa Barat')"
JAWA BARAT_BOGOR_BOGOR TENGAH_GUDANG,5516,"(-6.606589999999926, 106.79930000000007, 'Gudang, Bogor Tengah, Bogor, Jawa Barat')"
JAWA BARAT_BEKASI_TARUMAJAYA_SAMUDRAJAYA,6081,"(-6.110019999999963, 107.02598000000006, 'Samudrajaya, Tarumajaya, Bekasi, Jawa Barat')"
JAWA BARAT_BEKASI_TARUMAJAYA_SEGARA JAYA,11918,"(-6.113659999999925, 107.01153000000005, 'Segarajaya, Tarumajaya, Bekasi, Jawa Barat')"
JAWA BARAT_BEKASI_TARUMAJAYA_SEGARAMAKMUR,11496,"(-6.102109999999925, 106.98376000000007, 'Segaramakmur, Tarumajaya, Bekasi, Jawa Barat')"
JAWA BARAT_CIREBON_SUMBER_PEJAMBON,3129,"(-6.740789999999947, 108.50150000000008, 'Pejambon, Sumber, Cirebon, Jawa Barat')"
JAWA BARAT_CIREBON_SUMBER_PERBUTULAN,3024,"(-6.751629999999977, 108.48890000000006, 'Perbutulan, Sumber, Cirebon, Jawa Barat')"
JAWA BARAT_CIREBON_SUMBER_SENDANG,2873,"(-6.7574599999999805, 108.50386000000009, 'Sendang, Sumber, Cirebon, Jawa Barat')"
JAWA BARAT_CIREBON_SUMBER_SUMBER,6624,"(-6.761389999999949, 108.47907000000004, 'Sumber, Cirebon, Jawa Barat')"
JAWA BARAT_CIREBON_SUMBER_TUKMUDAL,8177,"(-6.75825999999995, 108.47223000000008, 'Tukmudal, Sumber, Cirebon, Jawa Barat')"
JAWA BARAT_CIREBON_SUMBER_WATUBELAH,5160,"(-6.735619999999926, 108.49651000000006, 'Watubelah, Sumber, Cirebon, Jawa Barat')"
JAWA BARAT_BEKASI_CIKARANG TIMUR_SERTAJAYA,10510,"(-6.299219999999934, 107.18148000000008, 'Sertajaya, Cikarang Timur, Bekasi, Jawa Barat')"
JAWA BARAT_BEKASI_CIKARANG UTARA_HARJAMEKAR,6881,"(-6.27837999999997, 107.13585000000006, 'Harjamekar, Cikarang Utara, Bekasi, Jawa Barat')"
JAWA BARAT_BOGOR_BOGOR BARAT_CILENDEK BARAT,12520,"(-6.571059999999932, 106.76780000000008, 'Cilendek Barat, Bogor Barat, Bogor, Jawa Barat')"
JAWA BARAT_CIREBON_PEKALIPAN_PULASAREN,5687,"(-6.726669999999956, 108.56449000000003, 'Pulasaren, Pekalipan, Cirebon, Jawa Barat')"
JAWA BARAT_DEPOK_BEJI_BEJI,28495,"(-6.365879999999947, 106.81382000000008, 'Beji, Jawa Barat')"
JAWA BARAT_DEPOK_BEJI_BEJI TIMUR,6687,"(-6.378409999999974, 106.82338000000004, 'Beji Timur, Beji, Jawa Barat')"
JAWA BARAT_DEPOK_BEJI_KEMIRI MUKA,19120,"(-6.382679999999937, 106.82969000000008, 'Kemirimuka, Beji, Jawa Barat')"
JAWA BARAT_DEPOK_BEJI_PONDOK CINA,6643,"(-6.363989999999944, 106.83380000000005, 'Pondok Cina, Beji, Jawa Barat')"
JAWA BARAT_DEPOK_BEJI_TANAH BARU,19438,"(-6.374469999999974, 106.80284000000006, 'Tanah Baru, Beji, Jawa Barat')"
JAWA BARAT_BANDUNG_BANDUNG KULON_CIJERAH,17135,"(-6.916769999999929, 107.56728000000004, 'Cijerah, Bandung Kulon, Bandung, Jawa Barat')"
JAWA BARAT_BANDUNG_BANDUNG KULON_GEMPOLSARI,14757,"(-6.931119999999964, 107.55401000000006, 'Gempol Sari, Bandung Kulon, Bandung, Jawa Barat')"
JAWA BARAT_BANDUNG_BANDUNG KULON_WARUNG MUNCANG,14425,"(-6.921099999999967, 107.57721000000004, 'Warung Muncang, Bandung Kulon, Bandung, Jawa Barat')"
JAWA BARAT_BANJAR_BANJAR_MEKARSARI,12000,"(-7.375949999999932, 108.53225000000003, 'Mekarsari, Banjar, Jawa Barat')"
JAWA BARAT_BANJAR_BANJAR_SITUBATU,3110,"(-7.383749999999964, 108.48320000000007, 'Situbatu, Banjar, Jawa Barat')"
JAWA BARAT_BANJAR_LANGENSARI_BOJONGKANTONG,7517,"(-7.378039999999942, 108.60829000000007, 'Bojongkantong, Langensari, Jawa Barat')"
JAWA BARAT_BANJAR_LANGENSARI_MUKTISARI,5046,"(-7.36818999999997, 108.64098000000007, 'Muktisari, Langensari, Jawa Barat')"
JAWA BARAT_BANDUNG_BALEENDAH_ANDIR,22261,"(-6.995489999999961, 107.62102000000004, 'Andir, Baleendah, Bandung, Jawa Barat')"
JAWA BARAT_BANDUNG_BUAHBATU_SEKEJATI,16832,"(-6.945689999999956, 107.65523000000007, 'Sekejati, Buahbatu, Bandung, Jawa Barat')"
JAWA BARAT_BANDUNG_CIBEUNYING KALER_CIGADUNG,21429,"(-6.87871999999993, 107.62394000000006, 'Cigadung, Cibeunying Kaler, Bandung, Jawa Barat')"
JAWA BARAT_BANDUNG_CIBEUNYING KALER_NEGLASARI,6473,"(-6.89382999999998, 107.63982000000004, 'Neglasari, Cibeunying Kaler, Bandung, Jawa Barat')"
JAWA BARAT_BANDUNG_CIBEUNYING KIDUL_CICADAS,10233,"(-6.9088899999999285, 107.63875000000007, 'Cicadas, Cibeunying Kidul, Bandung, Jawa Barat')"
JAWA BARAT_CIREBON_ASTANAJAPURA_JAPURABAKTI,6210,"(-6.814469999999972, 108.63260000000008, 'Japurabakti, Astanajapura, Cirebon, Jawa Barat')"
JAWA BARAT_BOGOR_TANAH SAREAL_CIBADAK,16493,"(-6.544019999999932, 106.77583000000004, 'Cibadak, Tanah Sereal, Bogor, Jawa Barat')"
JAWA BARAT_BOGOR_TANAH SAREAL_KAYUMANIS,9442,"(-6.530609999999967, 106.76759000000004, 'Kayumanis, Tanah Sereal, Bogor, Jawa Barat')"
JAWA BARAT_BOGOR_TANAH SAREAL_KEBON PEDES,16146,"(-6.567919999999958, 106.79754000000008, 'Kebonpedes, Tanah Sereal, Bogor, Jawa Barat')"
JAWA BARAT_BOGOR_TANAH SAREAL_KEDUNGBADAK,19998,"(-6.561379999999929, 106.80198000000007, 'Kedungbadak, Tanah Sereal, Bogor, Jawa Barat')"
JAWA BARAT_BEKASI_PONDOK GEDE_JATIBENING BARU,24098,"(-6.261769999999956, 106.93525000000005, 'Jatibening Baru, Pondok Gede, Bekasi, Jawa Barat')"
JAWA BARAT_BEKASI_PONDOK GEDE_JATICEMPAKA,30711,"(-6.262079999999969, 106.91619000000009, 'Jaticempaka, Pondok Gede, Bekasi, Jawa Barat')"
JAWA BARAT_BEKASI_PONDOK GEDE_JATIMAKMUR,35978,"(-6.282179999999926, 106.93029000000007, 'Jatimakmur, Pondok Gede, Bekasi, Jawa Barat')"
JAWA BARAT_GARUT_TAROGONG KIDUL_PATARUMAN,6093,"(-7.1990599999999745, 107.89149000000003, 'Pataruman, Tarogong Kidul, Jawa Barat')"
JAWA BARAT_GARUT_TAROGONG KIDUL_SUKAGALIH,9752,"(-7.2023699999999735, 107.88263000000006, 'Sukagalih, Tarogong Kidul, Jawa Barat')"
JAWA BARAT_GARUT_TAROGONG KIDUL_SUKAJAYA,9313,"(-7.213579999999979, 107.88981000000007, 'Sukajaya, Tarogong Kidul, Jawa Barat')"
JAWA BARAT_GARUT_TAROGONG KIDUL_SUKAKARYA,3890,"(-7.222909999999956, 107.89436000000006, 'Sukakarya, Tarogong Kidul, Jawa Barat')"
JAWA BARAT_BANDUNG_GEDEBAGE_RANCABOLANG,6541,"(-6.963449999999966, 107.69315000000006, 'Rancabolang, Gedebage, Bandung, Jawa Barat')"
JAWA BARAT_BANDUNG_GEDEBAGE_RANCANUMPANG,3083,"(-6.959809999999948, 107.70997000000006, 'Rancanumpang, Gedebage, Bandung, Jawa Barat')"
JAWA BARAT_BANDUNG_KIARACONDONG_BABAKAN SARI,25510,"(-6.9225399999999695, 107.65124000000009, 'Babakan Sari, Kiaracondong, Bandung, Jawa Barat')"
JAWA BARAT_BEKASI_JATIASIH_JATIMEKAR,24567,"(-6.288699999999949, 106.95425000000006, 'Jatimekar, Jatiasih, Bekasi, Jawa Barat')"
JAWA BARAT_BOGOR_CISEENG_CIHOWE,4586,"(-6.433589999999981, 106.68684000000007, 'Cihowe, Ciseeng, Bogor, Jawa Barat')"
JAWA BARAT_DEPOK_BEJI_KUKUSAN,10790,"(-6.364599999999939, 106.81547000000006, 'Kukusan, Beji, Jawa Barat')"
JAWA BARAT_BANDUNG_BANDUNG WETAN_CIHAPIT,2998,"(-6.909569999999974, 107.62559000000005, 'Cihapit, Bandung Wetan, Bandung, Jawa Barat')"
JAWA BARAT_BANDUNG_CIBEUNYING KALER_CIHAUR GEULIS,8854,"(-6.901679999999942, 107.62930000000006, 'Cihaurgeulis, Cibeunying Kaler, Bandung, Jawa Barat')"
JAWA BARAT_BANDUNG_CIBEUNYING KALER_SUKALUYU,11147,"(-6.892989999999941, 107.63438000000008, 'Sukaluyu, Cibeunying Kaler, Bandung, Jawa Barat')"
JAWA BARAT_BANDUNG_GEDEBAGE_CIMINCRANG,2561,"(-6.946039999999925, 107.70458000000008, 'Cimincrang, Gedebage, Bandung, Jawa Barat')"
JAWA BARAT_BANDUNG_GEDEBAGE_CISARANTEUN KIDUL,13594,"(-6.948949999999968, 107.69291000000004, 'Cisaranten Kidul, Gedebage, Bandung, Jawa Barat')"
